sample_id,family,distribution,vm,run,sample,started_at_utc,elapsed_s,process_cpu_percent,system_cpu_percent,process_rss_mb,system_memory_used_mb,system_memory_percent,threads,load_1m
debian-r01-s01,debian,debian,debian,1,1,2026-09-14T00:28:47+00:00,1.0,308.9,77.5,346.344,772.543,9.7,19.0,2.117
debian-r01-s02,debian,debian,debian,1,2,2026-09-14T00:28:47+00:00,2.002,348.2,87.0,346.887,778.629,9.8,19.0,2.117
debian-r01-s03,debian,debian,debian,1,3,2026-09-14T00:28:47+00:00,3.003,351.8,87.4,347.004,776.543,9.8,19.0,2.117
debian-r01-s04,debian,debian,debian,1,4,2026-09-14T00:28:47+00:00,4.004,346.9,86.8,347.023,774.414,9.7,19.0,2.117
debian-r01-s05,debian,debian,debian,1,5,2026-09-14T00:28:47+00:00,5.004,348.7,87.2,347.035,772.449,9.7,19.0,2.117
debian-r01-s06,debian,debian,debian,1,6,2026-09-14T00:28:47+00:00,6.006,344.5,85.8,349.984,778.582,9.8,19.0,2.428
debian-r01-s07,debian,debian,debian,1,7,2026-09-14T00:28:47+00:00,7.006,350.8,87.8,349.996,782.66,9.9,19.0,2.428
debian-r01-s08,debian,debian,debian,1,8,2026-09-14T00:28:47+00:00,8.01,351.7,87.8,350.008,779.168,9.8,19.0,2.428
debian-r01-s09,debian,debian,debian,1,9,2026-09-14T00:28:47+00:00,9.01,350.8,87.7,350.02,777.215,9.8,19.0,2.428
debian-r01-s10,debian,debian,debian,1,10,2026-09-14T00:28:47+00:00,10.011,157.9,39.0,0.0,463.074,5.8,1.0,2.428
debian-r02-s01,debian,debian,debian,2,1,2026-09-14T00:29:00+00:00,1.0,313.9,78.5,346.434,770.723,9.7,19.0,2.233
debian-r02-s02,debian,debian,debian,2,2,2026-09-14T00:29:00+00:00,2.002,343.2,86.3,346.914,768.781,9.7,19.0,2.233
debian-r02-s03,debian,debian,debian,2,3,2026-09-14T00:29:00+00:00,3.003,347.9,86.8,349.09,774.633,9.8,19.0,2.214
debian-r02-s04,debian,debian,debian,2,4,2026-09-14T00:29:00+00:00,4.006,351.0,87.5,349.102,780.629,9.8,19.0,2.214
debian-r02-s05,debian,debian,debian,2,5,2026-09-14T00:29:00+00:00,5.006,346.8,86.8,349.113,778.68,9.8,19.0,2.214
debian-r02-s06,debian,debian,debian,2,6,2026-09-14T00:29:00+00:00,6.006,341.8,85.2,349.129,776.609,9.8,19.0,2.214
debian-r02-s07,debian,debian,debian,2,7,2026-09-14T00:29:00+00:00,7.007,352.8,88.2,349.141,774.59,9.8,19.0,2.214
debian-r02-s08,debian,debian,debian,2,8,2026-09-14T00:29:00+00:00,8.007,346.9,86.6,349.152,772.586,9.7,19.0,2.117
debian-r02-s09,debian,debian,debian,2,9,2026-09-14T00:29:00+00:00,9.01,347.1,86.4,349.164,770.52,9.7,19.0,2.117
debian-r02-s10,debian,debian,debian,2,10,2026-09-14T00:29:00+00:00,10.011,135.9,34.1,0.0,465.902,5.9,1.0,2.117
debian-r03-s01,debian,debian,debian,3,1,2026-09-14T00:29:13+00:00,1.0,304.9,76.3,345.562,769.566,9.7,19.0,1.947
debian-r03-s02,debian,debian,debian,3,2,2026-09-14T00:29:13+00:00,2.004,349.7,87.3,346.078,767.633,9.7,19.0,1.947
debian-r03-s03,debian,debian,debian,3,3,2026-09-14T00:29:13+00:00,3.004,349.9,87.1,346.219,766.617,9.7,19.0,1.947
debian-r03-s04,debian,debian,debian,3,4,2026-09-14T00:29:13+00:00,4.005,343.9,86.0,346.293,764.582,9.6,19.0,1.947
debian-r03-s05,debian,debian,debian,3,5,2026-09-14T00:29:13+00:00,5.005,348.8,87.2,346.305,762.508,9.6,19.0,2.111
debian-r03-s06,debian,debian,debian,3,6,2026-09-14T00:29:13+00:00,6.005,345.9,86.4,346.316,760.555,9.6,19.0,2.111
debian-r03-s07,debian,debian,debian,3,7,2026-09-14T00:29:13+00:00,7.008,341.2,85.4,346.332,766.559,9.7,19.0,2.111
debian-r03-s08,debian,debian,debian,3,8,2026-09-14T00:29:13+00:00,8.008,345.9,86.5,346.348,764.738,9.6,19.0,2.111
debian-r03-s09,debian,debian,debian,3,9,2026-09-14T00:29:13+00:00,9.01,351.5,87.6,346.359,762.586,9.6,19.0,2.111
debian-r03-s10,debian,debian,debian,3,10,2026-09-14T00:29:13+00:00,10.01,156.9,38.5,0.0,466.355,5.9,1.0,2.183
debian-r04-s01,debian,debian,debian,4,1,2026-09-14T00:29:26+00:00,1.0,306.9,76.5,346.355,756.082,9.5,19.0,2.183
debian-r04-s02,debian,debian,debian,4,2,2026-09-14T00:29:26+00:00,2.001,343.8,85.9,346.883,757.949,9.5,19.0,2.489
debian-r04-s03,debian,debian,debian,4,3,2026-09-14T00:29:26+00:00,3.001,351.9,88.0,346.996,756.133,9.5,19.0,2.489
debian-r04-s04,debian,debian,debian,4,4,2026-09-14T00:29:26+00:00,4.006,346.4,86.3,347.039,756.137,9.5,19.0,2.489
debian-r04-s05,debian,debian,debian,4,5,2026-09-14T00:29:26+00:00,5.008,347.0,86.7,347.059,754.574,9.5,19.0,2.489
debian-r04-s06,debian,debian,debian,4,6,2026-09-14T00:29:26+00:00,6.009,334.9,83.9,347.074,754.172,9.5,19.0,2.489
debian-r04-s07,debian,debian,debian,4,7,2026-09-14T00:29:26+00:00,7.009,355.8,88.7,347.086,752.035,9.5,19.0,2.85
debian-r04-s08,debian,debian,debian,4,8,2026-09-14T00:29:26+00:00,8.012,354.2,88.7,350.074,764.246,9.6,19.0,2.85
debian-r04-s09,debian,debian,debian,4,9,2026-09-14T00:29:26+00:00,9.012,349.8,87.3,350.094,762.367,9.6,19.0,2.85
debian-r04-s10,debian,debian,debian,4,10,2026-09-14T00:29:26+00:00,10.012,131.9,33.3,0.0,468.184,5.9,1.0,2.85
debian-r05-s01,debian,debian,debian,5,1,2026-09-14T00:29:39+00:00,1.0,308.9,77.5,343.555,764.863,9.6,19.0,2.622
debian-r05-s02,debian,debian,debian,5,2,2026-09-14T00:29:39+00:00,2.0,349.9,87.5,344.031,762.906,9.6,19.0,2.622
debian-r05-s03,debian,debian,debian,5,3,2026-09-14T00:29:39+00:00,3.001,349.9,87.1,344.176,768.75,9.7,19.0,2.622
debian-r05-s04,debian,debian,debian,5,4,2026-09-14T00:29:39+00:00,4.004,348.8,87.2,344.242,766.809,9.7,19.0,2.732
debian-r05-s05,debian,debian,debian,5,5,2026-09-14T00:29:39+00:00,5.005,349.8,87.1,347.188,772.605,9.7,19.0,2.732
debian-r05-s06,debian,debian,debian,5,6,2026-09-14T00:29:39+00:00,6.008,339.0,85.1,347.199,770.73,9.7,19.0,2.732
debian-r05-s07,debian,debian,debian,5,7,2026-09-14T00:29:39+00:00,7.008,341.9,85.3,347.219,768.785,9.7,19.0,2.732
debian-r05-s08,debian,debian,debian,5,8,2026-09-14T00:29:39+00:00,8.009,349.8,87.1,347.23,767.828,9.7,19.0,2.732
debian-r05-s09,debian,debian,debian,5,9,2026-09-14T00:29:39+00:00,9.013,351.5,87.8,347.242,767.844,9.7,19.0,2.834
debian-r05-s10,debian,debian,debian,5,10,2026-09-14T00:29:39+00:00,10.014,137.9,33.9,0.0,463.516,5.8,1.0,2.834
debian-r06-s01,debian,debian,debian,6,1,2026-09-14T00:29:52+00:00,1.0,308.9,77.2,345.27,773.977,9.7,19.0,3.008
debian-r06-s02,debian,debian,debian,6,2,2026-09-14T00:29:52+00:00,2.004,343.6,86.1,348.012,787.711,9.9,19.0,3.008
debian-r06-s03,debian,debian,debian,6,3,2026-09-14T00:29:52+00:00,3.005,354.9,88.6,348.25,793.543,10.0,19.0,3.008
debian-r06-s04,debian,debian,debian,6,4,2026-09-14T00:29:52+00:00,4.006,347.4,86.8,348.328,791.598,10.0,19.0,3.008
debian-r06-s05,debian,debian,debian,6,5,2026-09-14T00:29:52+00:00,5.007,343.9,85.8,348.34,787.875,9.9,19.0,3.008
debian-r06-s06,debian,debian,debian,6,6,2026-09-14T00:29:52+00:00,6.008,342.7,85.4,348.367,782.953,9.9,19.0,3.408
debian-r06-s07,debian,debian,debian,6,7,2026-09-14T00:29:52+00:00,7.012,351.4,87.7,348.379,778.934,9.8,19.0,3.408
debian-r06-s08,debian,debian,debian,6,8,2026-09-14T00:29:52+00:00,8.016,342.6,85.8,348.395,775.246,9.8,19.0,3.408
debian-r06-s09,debian,debian,debian,6,9,2026-09-14T00:29:52+00:00,9.017,350.8,87.9,348.406,772.844,9.7,19.0,3.408
debian-r06-s10,debian,debian,debian,6,10,2026-09-14T00:29:52+00:00,10.017,144.9,35.9,0.0,471.18,5.9,1.0,3.408
debian-r07-s01,debian,debian,debian,7,1,2026-09-14T00:30:05+00:00,1.0,308.9,77.4,345.602,773.762,9.7,19.0,3.135
debian-r07-s02,debian,debian,debian,7,2,2026-09-14T00:30:05+00:00,2.003,349.0,87.1,345.91,771.668,9.7,19.0,3.135
debian-r07-s03,debian,debian,debian,7,3,2026-09-14T00:30:05+00:00,3.003,350.8,87.5,346.09,769.855,9.7,19.0,3.284
debian-r07-s04,debian,debian,debian,7,4,2026-09-14T00:30:05+00:00,4.007,349.8,87.4,346.148,767.914,9.7,19.0,3.284
debian-r07-s05,debian,debian,debian,7,5,2026-09-14T00:30:05+00:00,5.007,345.9,86.4,346.16,773.637,9.7,19.0,3.284
debian-r07-s06,debian,debian,debian,7,6,2026-09-14T00:30:05+00:00,6.008,338.9,84.3,346.172,771.688,9.7,19.0,3.284
debian-r07-s07,debian,debian,debian,7,7,2026-09-14T00:30:05+00:00,7.009,352.8,88.0,346.184,769.727,9.7,19.0,3.284
debian-r07-s08,debian,debian,debian,7,8,2026-09-14T00:30:05+00:00,8.009,346.9,86.6,346.195,767.66,9.7,19.0,3.582
debian-r07-s09,debian,debian,debian,7,9,2026-09-14T00:30:05+00:00,9.011,346.3,86.7,349.066,773.527,9.7,19.0,3.582
debian-r07-s10,debian,debian,debian,7,10,2026-09-14T00:30:05+00:00,10.012,135.8,33.1,0.0,465.523,5.9,1.0,3.582
debian-r08-s01,debian,debian,debian,8,1,2026-09-14T00:30:18+00:00,1.0,302.8,76.2,345.777,775.199,9.8,19.0,3.295
debian-r08-s02,debian,debian,debian,8,2,2026-09-14T00:30:18+00:00,2.001,347.7,86.8,346.137,773.336,9.7,19.0,3.295
debian-r08-s03,debian,debian,debian,8,3,2026-09-14T00:30:18+00:00,3.003,345.5,86.2,346.281,775.383,9.8,19.0,3.295
debian-r08-s04,debian,debian,debian,8,4,2026-09-14T00:30:18+00:00,4.003,350.9,87.8,346.348,773.504,9.7,19.0,3.295
debian-r08-s05,debian,debian,debian,8,5,2026-09-14T00:30:18+00:00,5.006,352.2,88.0,346.359,771.102,9.7,19.0,3.111
debian-r08-s06,debian,debian,debian,8,6,2026-09-14T00:30:18+00:00,6.006,341.8,85.1,346.371,769.344,9.7,19.0,3.111
debian-r08-s07,debian,debian,debian,8,7,2026-09-14T00:30:18+00:00,7.007,350.8,87.7,349.242,775.211,9.8,19.0,3.111
debian-r08-s08,debian,debian,debian,8,8,2026-09-14T00:30:18+00:00,8.007,352.8,88.3,349.258,773.262,9.7,19.0,3.111
debian-r08-s09,debian,debian,debian,8,9,2026-09-14T00:30:18+00:00,9.008,352.7,88.0,349.273,771.316,9.7,19.0,3.111
debian-r08-s10,debian,debian,debian,8,10,2026-09-14T00:30:18+00:00,10.008,158.9,39.4,0.0,470.48,5.9,1.0,3.182
debian-r09-s01,debian,debian,debian,9,1,2026-09-14T00:30:31+00:00,1.0,305.9,76.4,344.312,758.324,9.5,19.0,3.182
debian-r09-s02,debian,debian,debian,9,2,2026-09-14T00:30:31+00:00,2.001,340.9,85.4,344.871,764.367,9.6,19.0,3.408
debian-r09-s03,debian,debian,debian,9,3,2026-09-14T00:30:31+00:00,3.001,347.9,87.1,345.082,762.328,9.6,19.0,3.408
debian-r09-s04,debian,debian,debian,9,4,2026-09-14T00:30:31+00:00,4.004,347.0,86.5,348.098,768.25,9.7,19.0,3.408
debian-r09-s05,debian,debian,debian,9,5,2026-09-14T00:30:31+00:00,5.004,344.8,86.2,348.109,766.301,9.6,19.0,3.408
debian-r09-s06,debian,debian,debian,9,6,2026-09-14T00:30:31+00:00,6.005,343.9,85.9,348.121,765.09,9.6,19.0,3.408
debian-r09-s07,debian,debian,debian,9,7,2026-09-14T00:30:31+00:00,7.005,349.8,87.2,348.148,764.02,9.6,19.0,3.536
debian-r09-s08,debian,debian,debian,9,8,2026-09-14T00:30:31+00:00,8.006,344.8,86.2,348.16,764.785,9.6,19.0,3.536
debian-r09-s09,debian,debian,debian,9,9,2026-09-14T00:30:31+00:00,9.006,347.9,86.8,348.168,763.418,9.6,19.0,3.536
debian-r09-s10,debian,debian,debian,9,10,2026-09-14T00:30:31+00:00,10.007,184.9,45.7,0.0,453.281,5.7,1.0,3.536
debian-r10-s01,debian,debian,debian,10,1,2026-09-14T00:30:44+00:00,1.001,311.5,77.8,349.277,759.555,9.6,19.0,3.253
debian-r10-s02,debian,debian,debian,10,2,2026-09-14T00:30:44+00:00,2.003,345.4,86.4,349.719,757.527,9.5,19.0,3.253
debian-r10-s03,debian,debian,debian,10,3,2026-09-14T00:30:44+00:00,3.003,351.8,87.5,349.844,763.477,9.6,19.0,3.253
debian-r10-s04,debian,debian,debian,10,4,2026-09-14T00:30:44+00:00,4.006,342.9,86.1,349.918,769.527,9.7,19.0,3.553
debian-r10-s05,debian,debian,debian,10,5,2026-09-14T00:30:44+00:00,5.007,346.9,86.4,349.93,767.605,9.7,19.0,3.553
debian-r10-s06,debian,debian,debian,10,6,2026-09-14T00:30:44+00:00,6.007,338.8,84.8,349.938,773.352,9.7,19.0,3.553
debian-r10-s07,debian,debian,debian,10,7,2026-09-14T00:30:44+00:00,7.008,350.8,87.8,349.953,771.395,9.7,19.0,3.553
debian-r10-s08,debian,debian,debian,10,8,2026-09-14T00:30:44+00:00,8.01,355.4,88.5,349.965,769.527,9.7,19.0,3.553
debian-r10-s09,debian,debian,debian,10,9,2026-09-14T00:30:44+00:00,9.01,342.9,85.8,349.977,767.871,9.7,19.0,3.83
debian-r10-s10,debian,debian,debian,10,10,2026-09-14T00:30:44+00:00,10.011,164.9,41.8,0.0,468.781,5.9,1.0,3.83
ubuntu-r01-s01,debian,ubuntu,ubuntu,1,1,2026-09-14T00:39:58+00:00,1.001,318.7,79.8,313.219,860.895,11.6,19.0,1.799
ubuntu-r01-s02,debian,ubuntu,ubuntu,1,2,2026-09-14T00:39:58+00:00,2.001,350.8,87.8,314.254,868.273,11.7,19.0,1.799
ubuntu-r01-s03,debian,ubuntu,ubuntu,1,3,2026-09-14T00:39:58+00:00,3.002,353.8,88.3,314.668,867.93,11.7,19.0,1.799
ubuntu-r01-s04,debian,ubuntu,ubuntu,1,4,2026-09-14T00:39:58+00:00,4.002,349.8,88.2,314.746,868.289,11.7,19.0,1.799
ubuntu-r01-s05,debian,ubuntu,ubuntu,1,5,2026-09-14T00:39:58+00:00,5.004,353.6,88.6,314.773,868.398,11.7,19.0,1.975
ubuntu-r01-s06,debian,ubuntu,ubuntu,1,6,2026-09-14T00:39:58+00:00,6.004,344.8,85.9,314.859,868.113,11.7,19.0,1.975
ubuntu-r01-s07,debian,ubuntu,ubuntu,1,7,2026-09-14T00:39:58+00:00,7.005,352.8,88.4,314.875,867.805,11.7,19.0,1.975
ubuntu-r01-s08,debian,ubuntu,ubuntu,1,8,2026-09-14T00:39:58+00:00,8.005,350.8,87.7,314.914,867.504,11.7,19.0,1.975
ubuntu-r01-s09,debian,ubuntu,ubuntu,1,9,2026-09-14T00:39:58+00:00,9.007,356.3,89.4,314.988,867.145,11.7,17.0,1.975
ubuntu-r01-s10,debian,ubuntu,ubuntu,1,10,2026-09-14T00:39:58+00:00,10.007,82.0,20.3,0.0,588.84,7.9,1.0,1.817
ubuntu-r02-s01,debian,ubuntu,ubuntu,2,1,2026-09-14T00:40:11+00:00,1.001,312.6,78.6,313.637,853.227,11.5,19.0,1.817
ubuntu-r02-s02,debian,ubuntu,ubuntu,2,2,2026-09-14T00:40:11+00:00,2.001,346.9,86.9,314.715,853.203,11.5,19.0,1.992
ubuntu-r02-s03,debian,ubuntu,ubuntu,2,3,2026-09-14T00:40:11+00:00,3.002,353.8,88.4,315.137,852.93,11.5,19.0,1.992
ubuntu-r02-s04,debian,ubuntu,ubuntu,2,4,2026-09-14T00:40:11+00:00,4.005,347.9,87.1,315.215,852.641,11.5,19.0,1.992
ubuntu-r02-s05,debian,ubuntu,ubuntu,2,5,2026-09-14T00:40:11+00:00,5.006,352.8,88.1,315.234,852.332,11.5,19.0,1.992
ubuntu-r02-s06,debian,ubuntu,ubuntu,2,6,2026-09-14T00:40:11+00:00,6.006,340.9,85.1,315.316,856.125,11.5,19.0,1.992
ubuntu-r02-s07,debian,ubuntu,ubuntu,2,7,2026-09-14T00:40:11+00:00,7.006,355.9,89.1,315.336,856.32,11.5,19.0,2.153
ubuntu-r02-s08,debian,ubuntu,ubuntu,2,8,2026-09-14T00:40:11+00:00,8.007,354.9,88.9,315.359,856.0,11.5,19.0,2.153
ubuntu-r02-s09,debian,ubuntu,ubuntu,2,9,2026-09-14T00:40:11+00:00,9.007,349.9,87.5,315.371,855.848,11.5,19.0,2.153
ubuntu-r02-s10,debian,ubuntu,ubuntu,2,10,2026-09-14T00:40:11+00:00,10.008,117.9,29.1,0.0,578.727,7.8,1.0,2.153
ubuntu-r03-s01,debian,ubuntu,ubuntu,3,1,2026-09-14T00:40:24+00:00,1.002,312.2,78.4,310.367,852.051,11.5,19.0,1.98
ubuntu-r03-s02,debian,ubuntu,ubuntu,3,2,2026-09-14T00:40:24+00:00,2.003,353.8,88.4,314.426,859.871,11.6,19.0,1.98
ubuntu-r03-s03,debian,ubuntu,ubuntu,3,3,2026-09-14T00:40:24+00:00,3.004,352.4,88.4,314.848,859.605,11.6,19.0,1.98
ubuntu-r03-s04,debian,ubuntu,ubuntu,3,4,2026-09-14T00:40:24+00:00,4.005,351.7,87.9,314.926,859.551,11.6,19.0,2.303
ubuntu-r03-s05,debian,ubuntu,ubuntu,3,5,2026-09-14T00:40:24+00:00,5.007,353.3,88.7,314.941,867.113,11.7,19.0,2.303
ubuntu-r03-s06,debian,ubuntu,ubuntu,3,6,2026-09-14T00:40:24+00:00,6.008,346.9,86.9,315.027,866.668,11.7,19.0,2.303
ubuntu-r03-s07,debian,ubuntu,ubuntu,3,7,2026-09-14T00:40:24+00:00,7.008,354.9,88.4,315.043,866.367,11.7,19.0,2.303
ubuntu-r03-s08,debian,ubuntu,ubuntu,3,8,2026-09-14T00:40:24+00:00,8.011,349.9,87.7,315.059,874.395,11.8,19.0,2.303
ubuntu-r03-s09,debian,ubuntu,ubuntu,3,9,2026-09-14T00:40:24+00:00,9.012,352.9,88.4,315.086,874.098,11.8,19.0,2.439
ubuntu-r03-s10,debian,ubuntu,ubuntu,3,10,2026-09-14T00:40:24+00:00,10.012,132.9,33.0,0.0,596.859,8.0,1.0,2.439
ubuntu-r04-s01,debian,ubuntu,ubuntu,4,1,2026-09-14T00:40:37+00:00,1.003,311.9,78.2,313.434,864.426,11.7,19.0,2.564
ubuntu-r04-s02,debian,ubuntu,ubuntu,4,2,2026-09-14T00:40:37+00:00,2.004,345.8,86.4,314.535,864.145,11.6,19.0,2.564
ubuntu-r04-s03,debian,ubuntu,ubuntu,4,3,2026-09-14T00:40:37+00:00,3.005,350.6,87.9,314.906,864.105,11.6,19.0,2.564
ubuntu-r04-s04,debian,ubuntu,ubuntu,4,4,2026-09-14T00:40:37+00:00,4.007,358.1,89.5,315.0,864.07,11.6,19.0,2.564
ubuntu-r04-s05,debian,ubuntu,ubuntu,4,5,2026-09-14T00:40:37+00:00,5.008,345.9,86.6,315.02,863.562,11.6,19.0,2.564
ubuntu-r04-s06,debian,ubuntu,ubuntu,4,6,2026-09-14T00:40:37+00:00,6.008,351.9,88.4,315.113,863.031,11.6,19.0,2.76
ubuntu-r04-s07,debian,ubuntu,ubuntu,4,7,2026-09-14T00:40:37+00:00,7.009,360.8,90.2,315.129,863.488,11.6,19.0,2.76
ubuntu-r04-s08,debian,ubuntu,ubuntu,4,8,2026-09-14T00:40:37+00:00,8.009,354.8,88.6,315.148,863.195,11.6,19.0,2.76
ubuntu-r04-s09,debian,ubuntu,ubuntu,4,9,2026-09-14T00:40:37+00:00,9.011,352.3,88.2,315.16,863.562,11.6,19.0,2.76
ubuntu-r04-s10,debian,ubuntu,ubuntu,4,10,2026-09-14T00:40:37+00:00,10.012,151.9,37.5,0.0,589.461,7.9,1.0,2.76
ubuntu-r05-s01,debian,ubuntu,ubuntu,5,1,2026-09-14T00:40:50+00:00,1.0,312.9,78.6,313.523,863.059,11.6,19.0,2.539
ubuntu-r05-s02,debian,ubuntu,ubuntu,5,2,2026-09-14T00:40:50+00:00,2.002,346.2,86.6,314.562,862.781,11.6,19.0,2.539
ubuntu-r05-s03,debian,ubuntu,ubuntu,5,3,2026-09-14T00:40:50+00:00,3.003,350.8,87.7,314.984,862.285,11.6,19.0,2.736
ubuntu-r05-s04,debian,ubuntu,ubuntu,5,4,2026-09-14T00:40:50+00:00,4.003,353.9,88.5,315.078,862.004,11.6,19.0,2.736
ubuntu-r05-s05,debian,ubuntu,ubuntu,5,5,2026-09-14T00:40:50+00:00,5.004,345.9,86.8,315.109,861.508,11.6,19.0,2.736
ubuntu-r05-s06,debian,ubuntu,ubuntu,5,6,2026-09-14T00:40:50+00:00,6.006,349.2,87.4,315.195,861.441,11.6,19.0,2.736
ubuntu-r05-s07,debian,ubuntu,ubuntu,5,7,2026-09-14T00:40:50+00:00,7.006,360.9,90.4,315.25,861.145,11.6,19.0,2.736
ubuntu-r05-s08,debian,ubuntu,ubuntu,5,8,2026-09-14T00:40:50+00:00,8.007,347.9,86.9,315.266,860.617,11.6,19.0,3.078
ubuntu-r05-s09,debian,ubuntu,ubuntu,5,9,2026-09-14T00:40:50+00:00,9.007,359.9,89.9,315.277,860.488,11.6,19.0,3.078
ubuntu-r05-s10,debian,ubuntu,ubuntu,5,10,2026-09-14T00:40:50+00:00,10.008,116.9,29.3,0.0,592.441,8.0,1.0,3.078
ubuntu-r06-s01,debian,ubuntu,ubuntu,6,1,2026-09-14T00:41:03+00:00,1.004,312.6,78.3,313.414,856.77,11.5,19.0,2.831
ubuntu-r06-s02,debian,ubuntu,ubuntu,6,2,2026-09-14T00:41:03+00:00,2.005,346.8,86.9,314.5,856.488,11.5,19.0,2.831
ubuntu-r06-s03,debian,ubuntu,ubuntu,6,3,2026-09-14T00:41:03+00:00,3.006,357.5,89.4,314.891,856.23,11.5,19.0,2.831
ubuntu-r06-s04,debian,ubuntu,ubuntu,6,4,2026-09-14T00:41:03+00:00,4.007,354.8,88.9,314.973,855.727,11.5,19.0,2.831
ubuntu-r06-s05,debian,ubuntu,ubuntu,6,5,2026-09-14T00:41:03+00:00,5.008,350.4,87.7,314.996,855.449,11.5,19.0,3.005
ubuntu-r06-s06,debian,ubuntu,ubuntu,6,6,2026-09-14T00:41:03+00:00,6.009,342.9,85.8,315.09,855.629,11.5,19.0,3.005
ubuntu-r06-s07,debian,ubuntu,ubuntu,6,7,2026-09-14T00:41:03+00:00,7.009,349.9,87.4,315.105,855.105,11.5,19.0,3.005
ubuntu-r06-s08,debian,ubuntu,ubuntu,6,8,2026-09-14T00:41:03+00:00,8.01,355.7,89.1,315.121,854.523,11.5,19.0,3.005
ubuntu-r06-s09,debian,ubuntu,ubuntu,6,9,2026-09-14T00:41:03+00:00,9.01,356.8,89.2,315.254,854.422,11.5,18.0,3.005
ubuntu-r06-s10,debian,ubuntu,ubuntu,6,10,2026-09-14T00:41:03+00:00,10.011,111.9,28.0,0.0,585.836,7.9,1.0,2.764
ubuntu-r07-s01,debian,ubuntu,ubuntu,7,1,2026-09-14T00:41:16+00:00,1.002,312.3,78.4,310.223,859.531,11.6,19.0,2.764
ubuntu-r07-s02,debian,ubuntu,ubuntu,7,2,2026-09-14T00:41:16+00:00,2.003,350.9,87.6,314.289,867.707,11.7,19.0,3.104
ubuntu-r07-s03,debian,ubuntu,ubuntu,7,3,2026-09-14T00:41:16+00:00,3.003,354.9,89.0,314.707,867.562,11.7,19.0,3.104
ubuntu-r07-s04,debian,ubuntu,ubuntu,7,4,2026-09-14T00:41:16+00:00,4.003,359.8,89.9,314.809,867.52,11.7,19.0,3.104
ubuntu-r07-s05,debian,ubuntu,ubuntu,7,5,2026-09-14T00:41:16+00:00,5.004,350.9,87.9,314.828,867.02,11.7,19.0,3.104
ubuntu-r07-s06,debian,ubuntu,ubuntu,7,6,2026-09-14T00:41:16+00:00,6.004,345.8,86.3,314.91,866.738,11.7,19.0,3.104
ubuntu-r07-s07,debian,ubuntu,ubuntu,7,7,2026-09-14T00:41:16+00:00,7.006,359.5,90.1,314.926,866.645,11.7,19.0,3.576
ubuntu-r07-s08,debian,ubuntu,ubuntu,7,8,2026-09-14T00:41:16+00:00,8.006,352.9,88.4,314.941,866.121,11.7,19.0,3.576
ubuntu-r07-s09,debian,ubuntu,ubuntu,7,9,2026-09-14T00:41:16+00:00,9.009,355.9,88.9,314.961,874.387,11.8,19.0,3.576
ubuntu-r07-s10,debian,ubuntu,ubuntu,7,10,2026-09-14T00:41:16+00:00,10.01,114.9,28.6,0.0,602.992,8.1,1.0,3.576
ubuntu-r08-s01,debian,ubuntu,ubuntu,8,1,2026-09-14T00:41:29+00:00,1.001,315.6,79.0,313.344,863.328,11.6,19.0,3.29
ubuntu-r08-s02,debian,ubuntu,ubuntu,8,2,2026-09-14T00:41:29+00:00,2.006,353.3,88.4,314.461,863.074,11.6,19.0,3.29
ubuntu-r08-s03,debian,ubuntu,ubuntu,8,3,2026-09-14T00:41:29+00:00,3.006,354.8,89.0,314.832,862.797,11.6,19.0,3.29
ubuntu-r08-s04,debian,ubuntu,ubuntu,8,4,2026-09-14T00:41:29+00:00,4.007,347.8,86.8,314.902,862.52,11.6,19.0,3.347
ubuntu-r08-s05,debian,ubuntu,ubuntu,8,5,2026-09-14T00:41:29+00:00,5.008,350.5,87.9,314.918,862.176,11.6,19.0,3.347
ubuntu-r08-s06,debian,ubuntu,ubuntu,8,6,2026-09-14T00:41:29+00:00,6.009,346.9,86.6,315.004,861.945,11.6,19.0,3.347
ubuntu-r08-s07,debian,ubuntu,ubuntu,8,7,2026-09-14T00:41:29+00:00,7.01,360.4,90.2,315.047,861.617,11.6,19.0,3.347
ubuntu-r08-s08,debian,ubuntu,ubuntu,8,8,2026-09-14T00:41:29+00:00,8.011,351.8,88.1,315.082,861.602,11.6,19.0,3.347
ubuntu-r08-s09,debian,ubuntu,ubuntu,8,9,2026-09-14T00:41:29+00:00,9.011,353.9,88.9,315.094,861.297,11.6,19.0,3.56
ubuntu-r08-s10,debian,ubuntu,ubuntu,8,10,2026-09-14T00:41:29+00:00,10.012,135.9,33.7,0.0,601.891,8.1,1.0,3.56
ubuntu-r09-s01,debian,ubuntu,ubuntu,9,1,2026-09-14T00:41:42+00:00,1.002,323.3,81.1,313.578,869.883,11.7,19.0,3.595
ubuntu-r09-s02,debian,ubuntu,ubuntu,9,2,2026-09-14T00:41:42+00:00,2.002,347.9,87.1,314.617,869.906,11.7,19.0,3.595
ubuntu-r09-s03,debian,ubuntu,ubuntu,9,3,2026-09-14T00:41:42+00:00,3.004,357.4,89.4,314.973,869.41,11.7,19.0,3.595
ubuntu-r09-s04,debian,ubuntu,ubuntu,9,4,2026-09-14T00:41:42+00:00,4.005,352.8,88.4,315.094,869.605,11.7,19.0,3.595
ubuntu-r09-s05,debian,ubuntu,ubuntu,9,5,2026-09-14T00:41:42+00:00,5.005,350.9,87.8,315.113,869.105,11.7,19.0,3.595
ubuntu-r09-s06,debian,ubuntu,ubuntu,9,6,2026-09-14T00:41:42+00:00,6.005,346.8,86.4,315.211,869.051,11.7,19.0,3.708
ubuntu-r09-s07,debian,ubuntu,ubuntu,9,7,2026-09-14T00:41:42+00:00,7.006,350.8,87.9,315.223,867.605,11.7,19.0,3.708
ubuntu-r09-s08,debian,ubuntu,ubuntu,9,8,2026-09-14T00:41:42+00:00,8.006,352.8,88.4,315.242,867.297,11.7,19.0,3.708
ubuntu-r09-s09,debian,ubuntu,ubuntu,9,9,2026-09-14T00:41:42+00:00,9.007,356.8,89.4,315.254,867.215,11.7,19.0,3.708
ubuntu-r09-s10,debian,ubuntu,ubuntu,9,10,2026-09-14T00:41:42+00:00,10.008,169.8,42.2,0.0,595.652,8.0,1.0,3.708
ubuntu-r10-s01,debian,ubuntu,ubuntu,10,1,2026-09-14T00:41:55+00:00,1.0,306.9,76.9,313.289,854.359,11.5,19.0,3.411
ubuntu-r10-s02,debian,ubuntu,ubuntu,10,2,2026-09-14T00:41:55+00:00,2.001,349.9,87.9,314.391,853.863,11.5,19.0,3.411
ubuntu-r10-s03,debian,ubuntu,ubuntu,10,3,2026-09-14T00:41:55+00:00,3.001,355.8,88.9,314.812,854.055,11.5,19.0,3.538
ubuntu-r10-s04,debian,ubuntu,ubuntu,10,4,2026-09-14T00:41:55+00:00,4.004,348.9,87.4,314.902,853.777,11.5,19.0,3.538
ubuntu-r10-s05,debian,ubuntu,ubuntu,10,5,2026-09-14T00:41:55+00:00,5.005,348.9,87.1,314.922,853.516,11.5,19.0,3.538
ubuntu-r10-s06,debian,ubuntu,ubuntu,10,6,2026-09-14T00:41:55+00:00,6.005,343.8,86.1,315.008,853.445,11.5,19.0,3.538
ubuntu-r10-s07,debian,ubuntu,ubuntu,10,7,2026-09-14T00:41:55+00:00,7.006,352.6,88.1,315.02,853.18,11.5,19.0,3.538
ubuntu-r10-s08,debian,ubuntu,ubuntu,10,8,2026-09-14T00:41:55+00:00,8.007,356.8,89.2,315.066,853.336,11.5,19.0,3.655
ubuntu-r10-s09,debian,ubuntu,ubuntu,10,9,2026-09-14T00:41:55+00:00,9.007,357.8,89.6,315.078,852.809,11.5,19.0,3.655
ubuntu-r10-s10,debian,ubuntu,ubuntu,10,10,2026-09-14T00:41:55+00:00,10.008,147.9,37.1,0.0,585.867,7.9,1.0,3.655
arch-linux-r01-s01,arch,arch-linux,arch,1,1,2026-09-14T00:59:49+00:00,1.0,320.9,79.1,324.215,727.883,9.2,19.0,1.501
arch-linux-r01-s02,arch,arch-linux,arch,1,2,2026-09-14T00:59:49+00:00,2.002,369.4,90.9,324.723,727.598,9.2,19.0,1.501
arch-linux-r01-s03,arch,arch-linux,arch,1,3,2026-09-14T00:59:49+00:00,3.002,368.8,91.1,324.926,727.258,9.2,19.0,1.501
arch-linux-r01-s04,arch,arch-linux,arch,1,4,2026-09-14T00:59:49+00:00,4.004,364.3,90.1,334.773,742.969,9.4,19.0,1.862
arch-linux-r01-s05,arch,arch-linux,arch,1,5,2026-09-14T00:59:49+00:00,5.005,367.8,90.6,334.789,742.688,9.4,19.0,1.862
arch-linux-r01-s06,arch,arch-linux,arch,1,6,2026-09-14T00:59:49+00:00,6.005,353.8,87.6,334.875,742.395,9.4,19.0,1.862
arch-linux-r01-s07,arch,arch-linux,arch,1,7,2026-09-14T00:59:49+00:00,7.006,372.8,92.1,334.887,742.027,9.4,19.0,1.862
arch-linux-r01-s08,arch,arch-linux,arch,1,8,2026-09-14T00:59:49+00:00,8.006,367.7,90.6,334.906,741.742,9.4,19.0,1.862
arch-linux-r01-s09,arch,arch-linux,arch,1,9,2026-09-14T00:59:49+00:00,9.007,363.8,89.9,334.672,741.375,9.4,7.0,2.113
arch-linux-r01-s10,arch,arch-linux,arch,1,10,2026-09-14T00:59:49+00:00,10.007,39.0,9.4,0.0,431.543,5.4,1.0,2.113
arch-linux-r02-s01,arch,arch-linux,arch,2,1,2026-09-14T01:00:02+00:00,1.0,320.9,79.3,333.316,733.668,9.3,19.0,2.024
arch-linux-r02-s02,arch,arch-linux,arch,2,2,2026-09-14T01:00:02+00:00,2.001,362.8,89.4,333.762,733.863,9.3,19.0,2.024
arch-linux-r02-s03,arch,arch-linux,arch,2,3,2026-09-14T01:00:02+00:00,3.003,368.3,91.4,333.93,733.516,9.3,19.0,2.024
arch-linux-r02-s04,arch,arch-linux,arch,2,4,2026-09-14T01:00:02+00:00,4.003,364.9,89.9,334.027,733.484,9.3,19.0,2.024
arch-linux-r02-s05,arch,arch-linux,arch,2,5,2026-09-14T01:00:02+00:00,5.003,369.8,91.3,334.043,733.219,9.2,19.0,2.024
arch-linux-r02-s06,arch,arch-linux,arch,2,6,2026-09-14T01:00:02+00:00,6.004,361.9,89.4,334.125,733.555,9.3,19.0,2.103
arch-linux-r02-s07,arch,arch-linux,arch,2,7,2026-09-14T01:00:02+00:00,7.005,368.6,91.4,334.141,733.266,9.2,19.0,2.103
arch-linux-r02-s08,arch,arch-linux,arch,2,8,2026-09-14T01:00:02+00:00,8.005,365.8,90.4,334.168,733.66,9.3,19.0,2.103
arch-linux-r02-s09,arch,arch-linux,arch,2,9,2026-09-14T01:00:02+00:00,9.006,363.8,89.9,333.93,733.531,9.3,7.0,2.103
arch-linux-r02-s10,arch,arch-linux,arch,2,10,2026-09-14T01:00:02+00:00,10.006,36.0,8.9,0.0,429.828,5.4,1.0,2.103
arch-linux-r03-s01,arch,arch-linux,arch,3,1,2026-09-14T01:00:15+00:00,1.0,315.9,78.2,317.352,702.02,8.9,19.0,1.934
arch-linux-r03-s02,arch,arch-linux,arch,3,2,2026-09-14T01:00:15+00:00,2.001,361.8,89.1,321.898,709.465,8.9,19.0,1.934
arch-linux-r03-s03,arch,arch-linux,arch,3,3,2026-09-14T01:00:15+00:00,3.001,366.8,90.9,322.066,709.344,8.9,19.0,2.18
arch-linux-r03-s04,arch,arch-linux,arch,3,4,2026-09-14T01:00:15+00:00,4.002,361.8,88.5,322.125,709.062,8.9,19.0,2.18
arch-linux-r03-s05,arch,arch-linux,arch,3,5,2026-09-14T01:00:15+00:00,5.004,369.9,91.9,322.148,709.25,8.9,19.0,2.18
arch-linux-r03-s06,arch,arch-linux,arch,3,6,2026-09-14T01:00:15+00:00,6.006,353.5,87.4,322.246,709.195,8.9,19.0,2.18
arch-linux-r03-s07,arch,arch-linux,arch,3,7,2026-09-14T01:00:15+00:00,7.006,368.8,91.2,322.258,708.887,8.9,19.0,2.18
arch-linux-r03-s08,arch,arch-linux,arch,3,8,2026-09-14T01:00:15+00:00,8.007,366.8,90.9,322.277,708.512,8.9,19.0,2.406
arch-linux-r03-s09,arch,arch-linux,arch,3,9,2026-09-14T01:00:15+00:00,9.007,357.8,88.2,324.258,716.441,9.0,8.0,2.406
arch-linux-r03-s10,arch,arch-linux,arch,3,10,2026-09-14T01:00:15+00:00,10.008,58.0,14.4,0.0,430.559,5.4,1.0,2.406
arch-linux-r04-s01,arch,arch-linux,arch,4,1,2026-09-14T01:00:29+00:00,1.001,317.5,78.2,323.426,719.355,9.1,19.0,2.213
arch-linux-r04-s02,arch,arch-linux,arch,4,2,2026-09-14T01:00:29+00:00,2.002,364.8,89.9,323.812,719.098,9.1,19.0,2.213
arch-linux-r04-s03,arch,arch-linux,arch,4,3,2026-09-14T01:00:29+00:00,3.002,368.7,91.1,324.062,719.211,9.1,19.0,2.213
arch-linux-r04-s04,arch,arch-linux,arch,4,4,2026-09-14T01:00:29+00:00,4.003,363.8,90.1,324.105,718.711,9.1,19.0,2.213
arch-linux-r04-s05,arch,arch-linux,arch,4,5,2026-09-14T01:00:29+00:00,5.003,367.9,90.6,324.117,718.211,9.1,19.0,2.597
arch-linux-r04-s06,arch,arch-linux,arch,4,6,2026-09-14T01:00:29+00:00,6.004,361.8,89.7,332.129,730.359,9.2,19.0,2.597
arch-linux-r04-s07,arch,arch-linux,arch,4,7,2026-09-14T01:00:29+00:00,7.004,370.0,91.9,332.145,730.297,9.2,19.0,2.597
arch-linux-r04-s08,arch,arch-linux,arch,4,8,2026-09-14T01:00:29+00:00,8.007,366.8,90.7,332.156,736.965,9.3,19.0,2.597
arch-linux-r04-s09,arch,arch-linux,arch,4,9,2026-09-14T01:00:29+00:00,9.007,364.8,90.4,331.98,736.492,9.3,8.0,2.597
arch-linux-r04-s10,arch,arch-linux,arch,4,10,2026-09-14T01:00:29+00:00,10.008,51.0,12.9,0.0,432.738,5.5,1.0,2.709
arch-linux-r05-s01,arch,arch-linux,arch,5,1,2026-09-14T01:00:42+00:00,1.0,317.9,78.6,324.359,732.773,9.2,19.0,2.709
arch-linux-r05-s02,arch,arch-linux,arch,5,2,2026-09-14T01:00:42+00:00,2.001,361.5,88.7,324.777,732.617,9.2,19.0,2.813
arch-linux-r05-s03,arch,arch-linux,arch,5,3,2026-09-14T01:00:42+00:00,3.002,366.8,91.4,333.723,748.324,9.4,19.0,2.813
arch-linux-r05-s04,arch,arch-linux,arch,5,4,2026-09-14T01:00:42+00:00,4.002,365.8,90.1,333.789,748.285,9.4,19.0,2.813
arch-linux-r05-s05,arch,arch-linux,arch,5,5,2026-09-14T01:00:42+00:00,5.004,367.5,91.4,333.812,747.969,9.4,19.0,2.813
arch-linux-r05-s06,arch,arch-linux,arch,5,6,2026-09-14T01:00:42+00:00,6.004,352.8,86.9,333.926,746.148,9.4,19.0,2.813
arch-linux-r05-s07,arch,arch-linux,arch,5,7,2026-09-14T01:00:42+00:00,7.004,372.8,92.1,333.945,750.703,9.5,19.0,3.068
arch-linux-r05-s08,arch,arch-linux,arch,5,8,2026-09-14T01:00:42+00:00,8.006,363.4,89.7,333.957,748.172,9.4,19.0,3.068
arch-linux-r05-s09,arch,arch-linux,arch,5,9,2026-09-14T01:00:42+00:00,9.007,372.8,92.1,333.988,745.621,9.4,18.0,3.068
arch-linux-r05-s10,arch,arch-linux,arch,5,10,2026-09-14T01:00:42+00:00,10.007,71.9,18.1,0.0,450.82,5.7,1.0,3.068
arch-linux-r06-s01,arch,arch-linux,arch,6,1,2026-09-14T01:00:55+00:00,1.0,325.9,80.7,323.32,740.801,9.3,19.0,2.822
arch-linux-r06-s02,arch,arch-linux,arch,6,2,2026-09-14T01:00:55+00:00,2.001,362.7,89.4,323.957,741.223,9.3,19.0,2.822
arch-linux-r06-s03,arch,arch-linux,arch,6,3,2026-09-14T01:00:55+00:00,3.001,372.8,92.8,324.188,740.941,9.3,19.0,2.822
arch-linux-r06-s04,arch,arch-linux,arch,6,4,2026-09-14T01:00:55+00:00,4.003,366.4,90.9,324.203,740.66,9.3,19.0,3.237
arch-linux-r06-s05,arch,arch-linux,arch,6,5,2026-09-14T01:00:55+00:00,5.004,369.8,90.9,324.227,740.551,9.3,19.0,3.237
arch-linux-r06-s06,arch,arch-linux,arch,6,6,2026-09-14T01:00:55+00:00,6.004,359.8,89.4,324.316,740.98,9.3,19.0,3.237
arch-linux-r06-s07,arch,arch-linux,arch,6,7,2026-09-14T01:00:55+00:00,7.006,376.4,93.1,324.328,738.199,9.3,19.0,3.237
arch-linux-r06-s08,arch,arch-linux,arch,6,8,2026-09-14T01:00:55+00:00,8.006,366.8,90.4,324.391,735.895,9.3,19.0,3.237
arch-linux-r06-s09,arch,arch-linux,arch,6,9,2026-09-14T01:00:55+00:00,9.007,369.8,91.6,324.422,733.379,9.3,18.0,3.299
arch-linux-r06-s10,arch,arch-linux,arch,6,10,2026-09-14T01:00:55+00:00,10.007,74.0,18.4,0.0,433.652,5.5,1.0,3.299
arch-linux-r07-s01,arch,arch-linux,arch,7,1,2026-09-14T01:01:08+00:00,1.001,320.5,79.6,323.215,734.797,9.3,19.0,3.194
arch-linux-r07-s02,arch,arch-linux,arch,7,2,2026-09-14T01:01:08+00:00,2.002,368.8,91.3,323.758,734.523,9.3,19.0,3.194
arch-linux-r07-s03,arch,arch-linux,arch,7,3,2026-09-14T01:01:08+00:00,3.004,366.4,90.6,323.938,734.641,9.3,19.0,3.194
arch-linux-r07-s04,arch,arch-linux,arch,7,4,2026-09-14T01:01:08+00:00,4.004,368.8,91.4,323.98,733.395,9.3,19.0,3.194
arch-linux-r07-s05,arch,arch-linux,arch,7,5,2026-09-14T01:01:08+00:00,5.004,366.8,90.6,323.992,730.609,9.2,19.0,3.194
arch-linux-r07-s06,arch,arch-linux,arch,7,6,2026-09-14T01:01:08+00:00,6.006,359.3,88.9,324.074,728.078,9.2,19.0,3.419
arch-linux-r07-s07,arch,arch-linux,arch,7,7,2026-09-14T01:01:08+00:00,7.008,376.3,93.3,324.09,725.711,9.2,19.0,3.419
arch-linux-r07-s08,arch,arch-linux,arch,7,8,2026-09-14T01:01:08+00:00,8.009,369.6,91.6,325.191,732.914,9.2,19.0,3.419
arch-linux-r07-s09,arch,arch-linux,arch,7,9,2026-09-14T01:01:08+00:00,9.01,361.7,88.9,324.957,732.609,9.2,7.0,3.419
arch-linux-r07-s10,arch,arch-linux,arch,7,10,2026-09-14T01:01:08+00:00,10.011,47.0,12.2,0.0,443.734,5.6,1.0,3.419
arch-linux-r08-s01,arch,arch-linux,arch,8,1,2026-09-14T01:01:21+00:00,1.001,319.7,78.9,322.461,728.453,9.2,19.0,3.226
arch-linux-r08-s02,arch,arch-linux,arch,8,2,2026-09-14T01:01:21+00:00,2.003,358.1,87.9,323.012,736.031,9.3,19.0,3.368
arch-linux-r08-s03,arch,arch-linux,arch,8,3,2026-09-14T01:01:21+00:00,3.004,369.8,91.6,323.195,735.75,9.3,19.0,3.368
arch-linux-r08-s04,arch,arch-linux,arch,8,4,2026-09-14T01:01:21+00:00,4.005,361.6,89.4,323.219,735.406,9.3,19.0,3.368
arch-linux-r08-s05,arch,arch-linux,arch,8,5,2026-09-14T01:01:21+00:00,5.005,363.8,89.9,331.184,748.426,9.4,19.0,3.368
arch-linux-r08-s06,arch,arch-linux,arch,8,6,2026-09-14T01:01:21+00:00,6.006,359.9,88.9,331.27,747.922,9.4,19.0,3.368
arch-linux-r08-s07,arch,arch-linux,arch,8,7,2026-09-14T01:01:21+00:00,7.006,365.7,90.3,331.293,748.078,9.4,19.0,3.579
arch-linux-r08-s08,arch,arch-linux,arch,8,8,2026-09-14T01:01:21+00:00,8.01,368.8,90.7,331.309,755.672,9.5,19.0,3.579
arch-linux-r08-s09,arch,arch-linux,arch,8,9,2026-09-14T01:01:21+00:00,9.011,366.6,90.1,331.336,755.359,9.5,18.0,3.579
arch-linux-r08-s10,arch,arch-linux,arch,8,10,2026-09-14T01:01:21+00:00,10.012,72.9,18.3,0.0,444.336,5.6,1.0,3.579
arch-linux-r09-s01,arch,arch-linux,arch,9,1,2026-09-14T01:01:34+00:00,1.002,322.4,79.5,325.391,722.391,9.1,19.0,3.292
arch-linux-r09-s02,arch,arch-linux,arch,9,2,2026-09-14T01:01:34+00:00,2.004,362.3,89.2,334.633,737.883,9.3,19.0,3.292
arch-linux-r09-s03,arch,arch-linux,arch,9,3,2026-09-14T01:01:34+00:00,3.004,369.8,91.9,334.789,737.332,9.3,19.0,3.292
arch-linux-r09-s04,arch,arch-linux,arch,9,4,2026-09-14T01:01:34+00:00,4.005,367.8,91.1,334.852,737.051,9.3,19.0,3.269
arch-linux-r09-s05,arch,arch-linux,arch,9,5,2026-09-14T01:01:34+00:00,5.005,370.9,92.1,334.867,737.004,9.3,19.0,3.269
arch-linux-r09-s06,arch,arch-linux,arch,9,6,2026-09-14T01:01:34+00:00,6.007,358.4,88.7,334.949,736.965,9.3,19.0,3.269
arch-linux-r09-s07,arch,arch-linux,arch,9,7,2026-09-14T01:01:34+00:00,7.007,371.8,92.3,334.965,736.395,9.3,19.0,3.269
arch-linux-r09-s08,arch,arch-linux,arch,9,8,2026-09-14T01:01:34+00:00,8.008,371.8,92.1,334.98,743.742,9.4,19.0,3.269
arch-linux-r09-s09,arch,arch-linux,arch,9,9,2026-09-14T01:01:34+00:00,9.008,365.8,90.9,335.035,743.68,9.4,18.0,3.408
arch-linux-r09-s10,arch,arch-linux,arch,9,10,2026-09-14T01:01:34+00:00,10.009,73.0,17.8,0.0,437.516,5.5,1.0,3.408
arch-linux-r10-s01,arch,arch-linux,arch,10,1,2026-09-14T01:01:47+00:00,1.0,314.8,78.2,326.141,730.078,9.2,19.0,3.536
arch-linux-r10-s02,arch,arch-linux,arch,10,2,2026-09-14T01:01:47+00:00,2.001,369.6,91.4,326.609,729.582,9.2,19.0,3.536
arch-linux-r10-s03,arch,arch-linux,arch,10,3,2026-09-14T01:01:47+00:00,3.002,366.8,90.6,326.855,729.305,9.2,19.0,3.536
arch-linux-r10-s04,arch,arch-linux,arch,10,4,2026-09-14T01:01:47+00:00,4.003,367.8,91.1,326.914,728.805,9.2,19.0,3.536
arch-linux-r10-s05,arch,arch-linux,arch,10,5,2026-09-14T01:01:47+00:00,5.004,362.6,89.6,326.949,728.305,9.2,19.0,3.536
arch-linux-r10-s06,arch,arch-linux,arch,10,6,2026-09-14T01:01:47+00:00,6.004,356.8,88.7,327.031,728.234,9.2,19.0,3.653
arch-linux-r10-s07,arch,arch-linux,arch,10,7,2026-09-14T01:01:47+00:00,7.005,369.8,91.6,327.047,728.211,9.2,19.0,3.653
arch-linux-r10-s08,arch,arch-linux,arch,10,8,2026-09-14T01:01:47+00:00,8.006,369.7,91.9,327.062,727.707,9.2,19.0,3.653
arch-linux-r10-s09,arch,arch-linux,arch,10,9,2026-09-14T01:01:47+00:00,9.006,372.8,92.3,327.078,735.273,9.3,19.0,3.653
arch-linux-r10-s10,arch,arch-linux,arch,10,10,2026-09-14T01:01:47+00:00,10.006,151.9,37.7,0.0,445.586,5.6,1.0,3.653
endeavouros-r01-s01,arch,endeavouros,endeavouros,1,1,2026-09-14T01:08:59+00:00,1.0,315.9,78.2,324.09,812.977,10.3,19.0,1.615
endeavouros-r01-s02,arch,endeavouros,endeavouros,1,2,2026-09-14T01:08:59+00:00,2.002,361.2,89.4,332.59,828.48,10.5,19.0,1.727
endeavouros-r01-s03,arch,endeavouros,endeavouros,1,3,2026-09-14T01:08:59+00:00,3.003,366.8,90.4,332.812,828.621,10.5,19.0,1.727
endeavouros-r01-s04,arch,endeavouros,endeavouros,1,4,2026-09-14T01:08:59+00:00,4.005,368.1,91.1,332.828,828.504,10.5,19.0,1.727
endeavouros-r01-s05,arch,endeavouros,endeavouros,1,5,2026-09-14T01:08:59+00:00,5.006,368.8,90.9,332.844,827.996,10.4,19.0,1.727
endeavouros-r01-s06,arch,endeavouros,endeavouros,1,6,2026-09-14T01:08:59+00:00,6.006,354.8,87.9,332.93,825.336,10.4,19.0,1.727
endeavouros-r01-s07,arch,endeavouros,endeavouros,1,7,2026-09-14T01:08:59+00:00,7.008,370.4,91.4,332.941,824.758,10.4,19.0,2.229
endeavouros-r01-s08,arch,endeavouros,endeavouros,1,8,2026-09-14T01:08:59+00:00,8.008,366.8,91.1,332.957,824.438,10.4,19.0,2.229
endeavouros-r01-s09,arch,endeavouros,endeavouros,1,9,2026-09-14T01:08:59+00:00,9.009,362.9,89.4,332.586,824.047,10.4,7.0,2.229
endeavouros-r01-s10,arch,endeavouros,endeavouros,1,10,2026-09-14T01:08:59+00:00,10.009,38.0,9.5,0.0,524.57,6.6,1.0,2.229
endeavouros-r02-s01,arch,endeavouros,endeavouros,2,1,2026-09-14T01:09:12+00:00,1.001,323.7,80.0,323.977,807.883,10.2,19.0,2.05
endeavouros-r02-s02,arch,endeavouros,endeavouros,2,2,2026-09-14T01:09:12+00:00,2.004,360.9,89.2,324.516,808.098,10.2,19.0,2.05
endeavouros-r02-s03,arch,endeavouros,endeavouros,2,3,2026-09-14T01:09:12+00:00,3.004,367.8,91.2,324.715,807.535,10.2,19.0,2.05
endeavouros-r02-s04,arch,endeavouros,endeavouros,2,4,2026-09-14T01:09:12+00:00,4.005,365.8,90.3,324.738,807.469,10.2,19.0,2.447
endeavouros-r02-s05,arch,endeavouros,endeavouros,2,5,2026-09-14T01:09:12+00:00,5.005,372.9,92.6,324.762,807.102,10.2,19.0,2.447
endeavouros-r02-s06,arch,endeavouros,endeavouros,2,6,2026-09-14T01:09:12+00:00,6.005,354.8,87.9,324.848,807.023,10.2,19.0,2.447
endeavouros-r02-s07,arch,endeavouros,endeavouros,2,7,2026-09-14T01:09:12+00:00,7.008,376.0,93.1,324.887,814.59,10.3,19.0,2.447
endeavouros-r02-s08,arch,endeavouros,endeavouros,2,8,2026-09-14T01:09:12+00:00,8.008,362.8,89.4,324.941,815.215,10.3,19.0,2.447
endeavouros-r02-s09,arch,endeavouros,endeavouros,2,9,2026-09-14T01:09:12+00:00,9.009,362.8,89.2,324.793,819.051,10.3,7.0,2.731
endeavouros-r02-s10,arch,endeavouros,endeavouros,2,10,2026-09-14T01:09:12+00:00,10.009,32.0,8.0,0.0,534.602,6.7,1.0,2.731
endeavouros-r03-s01,arch,endeavouros,endeavouros,3,1,2026-09-14T01:09:25+00:00,1.0,320.9,79.0,324.145,813.875,10.3,19.0,2.914
endeavouros-r03-s02,arch,endeavouros,endeavouros,3,2,2026-09-14T01:09:25+00:00,2.001,365.6,90.2,324.613,813.621,10.3,19.0,2.914
endeavouros-r03-s03,arch,endeavouros,endeavouros,3,3,2026-09-14T01:09:25+00:00,3.002,371.5,91.9,324.832,813.211,10.3,19.0,2.914
endeavouros-r03-s04,arch,endeavouros,endeavouros,3,4,2026-09-14T01:09:25+00:00,4.003,363.8,90.1,324.871,814.516,10.3,19.0,2.914
endeavouros-r03-s05,arch,endeavouros,endeavouros,3,5,2026-09-14T01:09:25+00:00,5.003,368.8,90.9,324.887,812.105,10.2,19.0,2.914
endeavouros-r03-s06,arch,endeavouros,endeavouros,3,6,2026-09-14T01:09:25+00:00,6.004,354.6,87.7,324.969,811.422,10.2,19.0,3.241
endeavouros-r03-s07,arch,endeavouros,endeavouros,3,7,2026-09-14T01:09:25+00:00,7.005,371.8,92.6,332.852,821.336,10.4,19.0,3.241
endeavouros-r03-s08,arch,endeavouros,endeavouros,3,8,2026-09-14T01:09:25+00:00,8.005,370.8,92.1,332.887,821.254,10.4,19.0,3.241
endeavouros-r03-s09,arch,endeavouros,endeavouros,3,9,2026-09-14T01:09:25+00:00,9.006,366.8,90.1,332.516,820.656,10.4,7.0,3.241
endeavouros-r03-s10,arch,endeavouros,endeavouros,3,10,2026-09-14T01:09:25+00:00,10.006,39.0,9.7,0.0,544.422,6.9,1.0,3.241
endeavouros-r04-s01,arch,endeavouros,endeavouros,4,1,2026-09-14T01:09:38+00:00,1.001,322.6,79.6,322.062,813.637,10.3,19.0,2.981
endeavouros-r04-s02,arch,endeavouros,endeavouros,4,2,2026-09-14T01:09:38+00:00,2.002,358.8,88.8,322.656,813.832,10.3,19.0,2.981
endeavouros-r04-s03,arch,endeavouros,endeavouros,4,3,2026-09-14T01:09:38+00:00,3.002,368.8,90.8,322.816,813.953,10.3,19.0,3.384
endeavouros-r04-s04,arch,endeavouros,endeavouros,4,4,2026-09-14T01:09:38+00:00,4.002,365.9,90.9,330.855,829.68,10.5,19.0,3.384
endeavouros-r04-s05,arch,endeavouros,endeavouros,4,5,2026-09-14T01:09:38+00:00,5.003,373.6,92.6,330.867,829.625,10.5,19.0,3.384
endeavouros-r04-s06,arch,endeavouros,endeavouros,4,6,2026-09-14T01:09:38+00:00,6.004,359.8,89.1,330.949,837.129,10.6,19.0,3.384
endeavouros-r04-s07,arch,endeavouros,endeavouros,4,7,2026-09-14T01:09:38+00:00,7.004,372.8,92.3,330.965,836.598,10.6,19.0,3.384
endeavouros-r04-s08,arch,endeavouros,endeavouros,4,8,2026-09-14T01:09:38+00:00,8.007,369.1,91.6,330.992,836.074,10.5,19.0,3.434
endeavouros-r04-s09,arch,endeavouros,endeavouros,4,9,2026-09-14T01:09:38+00:00,9.007,355.9,87.9,330.625,834.57,10.5,7.0,3.434
endeavouros-r04-s10,arch,endeavouros,endeavouros,4,10,2026-09-14T01:09:38+00:00,10.008,38.0,8.9,0.0,532.004,6.7,1.0,3.434
endeavouros-r05-s01,arch,endeavouros,endeavouros,5,1,2026-09-14T01:09:51+00:00,1.0,320.9,79.8,329.441,831.84,10.5,19.0,3.158
endeavouros-r05-s02,arch,endeavouros,endeavouros,5,2,2026-09-14T01:09:51+00:00,2.002,367.3,90.6,329.949,831.039,10.5,19.0,3.158
endeavouros-r05-s03,arch,endeavouros,endeavouros,5,3,2026-09-14T01:09:51+00:00,3.002,370.8,91.4,330.121,829.648,10.5,19.0,3.158
endeavouros-r05-s04,arch,endeavouros,endeavouros,5,4,2026-09-14T01:09:51+00:00,4.003,364.8,89.7,330.164,827.578,10.4,19.0,3.158
endeavouros-r05-s05,arch,endeavouros,endeavouros,5,5,2026-09-14T01:09:51+00:00,5.004,370.7,91.8,330.184,824.953,10.4,19.0,3.306
endeavouros-r05-s06,arch,endeavouros,endeavouros,5,6,2026-09-14T01:09:51+00:00,6.004,361.8,89.6,330.266,831.816,10.5,19.0,3.306
endeavouros-r05-s07,arch,endeavouros,endeavouros,5,7,2026-09-14T01:09:51+00:00,7.005,368.6,91.1,330.277,831.441,10.5,19.0,3.306
endeavouros-r05-s08,arch,endeavouros,endeavouros,5,8,2026-09-14T01:09:51+00:00,8.006,369.8,91.2,330.324,831.367,10.5,19.0,3.306
endeavouros-r05-s09,arch,endeavouros,endeavouros,5,9,2026-09-14T01:09:51+00:00,9.006,362.8,89.6,329.953,831.34,10.5,7.0,3.306
endeavouros-r05-s10,arch,endeavouros,endeavouros,5,10,2026-09-14T01:09:51+00:00,10.006,41.0,10.4,0.0,535.105,6.7,1.0,3.041
endeavouros-r06-s01,arch,endeavouros,endeavouros,6,1,2026-09-14T01:10:04+00:00,1.0,320.9,79.4,324.953,816.371,10.3,19.0,3.041
endeavouros-r06-s02,arch,endeavouros,endeavouros,6,2,2026-09-14T01:10:04+00:00,2.002,365.2,90.6,325.57,815.871,10.3,19.0,3.118
endeavouros-r06-s03,arch,endeavouros,endeavouros,6,3,2026-09-14T01:10:04+00:00,3.003,370.8,91.6,325.785,815.316,10.3,19.0,3.118
endeavouros-r06-s04,arch,endeavouros,endeavouros,6,4,2026-09-14T01:10:04+00:00,4.004,362.3,89.7,325.809,814.816,10.3,19.0,3.118
endeavouros-r06-s05,arch,endeavouros,endeavouros,6,5,2026-09-14T01:10:04+00:00,5.005,372.8,91.8,325.82,814.254,10.3,19.0,3.118
endeavouros-r06-s06,arch,endeavouros,endeavouros,6,6,2026-09-14T01:10:04+00:00,6.008,361.0,89.2,325.902,821.699,10.4,19.0,3.118
endeavouros-r06-s07,arch,endeavouros,endeavouros,6,7,2026-09-14T01:10:04+00:00,7.008,367.8,91.4,325.93,821.312,10.4,19.0,3.108
endeavouros-r06-s08,arch,endeavouros,endeavouros,6,8,2026-09-14T01:10:04+00:00,8.009,365.9,90.1,326.066,824.934,10.4,19.0,3.108
endeavouros-r06-s09,arch,endeavouros,endeavouros,6,9,2026-09-14T01:10:04+00:00,9.009,358.8,88.7,325.699,822.168,10.4,7.0,3.108
endeavouros-r06-s10,arch,endeavouros,endeavouros,6,10,2026-09-14T01:10:04+00:00,10.01,19.0,4.7,0.0,539.242,6.8,1.0,3.108
endeavouros-r07-s01,arch,endeavouros,endeavouros,7,1,2026-09-14T01:10:17+00:00,1.001,321.7,79.7,323.094,842.871,10.6,19.0,2.859
endeavouros-r07-s02,arch,endeavouros,endeavouros,7,2,2026-09-14T01:10:17+00:00,2.001,367.8,90.9,323.617,843.23,10.6,19.0,2.859
endeavouros-r07-s03,arch,endeavouros,endeavouros,7,3,2026-09-14T01:10:17+00:00,3.003,363.4,89.7,323.801,842.727,10.6,19.0,2.859
endeavouros-r07-s04,arch,endeavouros,endeavouros,7,4,2026-09-14T01:10:17+00:00,4.003,368.8,91.1,323.867,842.445,10.6,19.0,3.432
endeavouros-r07-s05,arch,endeavouros,endeavouros,7,5,2026-09-14T01:10:17+00:00,5.005,373.2,92.4,323.879,839.227,10.6,19.0,3.432
endeavouros-r07-s06,arch,endeavouros,endeavouros,7,6,2026-09-14T01:10:17+00:00,6.006,360.9,89.4,331.891,849.305,10.7,19.0,3.432
endeavouros-r07-s07,arch,endeavouros,endeavouros,7,7,2026-09-14T01:10:17+00:00,7.007,371.4,92.5,331.902,844.77,10.7,19.0,3.432
endeavouros-r07-s08,arch,endeavouros,endeavouros,7,8,2026-09-14T01:10:17+00:00,8.008,366.8,90.2,331.918,848.387,10.7,19.0,3.432
endeavouros-r07-s09,arch,endeavouros,endeavouros,7,9,2026-09-14T01:10:17+00:00,9.009,356.7,88.0,329.828,841.066,10.6,7.0,3.478
endeavouros-r07-s10,arch,endeavouros,endeavouros,7,10,2026-09-14T01:10:17+00:00,10.01,6.0,1.5,0.0,535.395,6.8,1.0,3.478
endeavouros-r08-s01,arch,endeavouros,endeavouros,8,1,2026-09-14T01:10:31+00:00,1.0,317.8,80.1,322.859,823.672,10.4,19.0,3.279
endeavouros-r08-s02,arch,endeavouros,endeavouros,8,2,2026-09-14T01:10:31+00:00,2.002,362.6,89.4,323.395,824.34,10.4,19.0,3.279
endeavouros-r08-s03,arch,endeavouros,endeavouros,8,3,2026-09-14T01:10:31+00:00,3.002,366.8,90.3,331.574,840.074,10.6,19.0,3.279
endeavouros-r08-s04,arch,endeavouros,endeavouros,8,4,2026-09-14T01:10:31+00:00,4.003,366.7,90.4,331.629,840.465,10.6,19.0,3.279
endeavouros-r08-s05,arch,endeavouros,endeavouros,8,5,2026-09-14T01:10:31+00:00,5.003,368.8,91.4,331.652,838.984,10.6,19.0,3.279
endeavouros-r08-s06,arch,endeavouros,endeavouros,8,6,2026-09-14T01:10:31+00:00,6.004,356.9,87.9,331.742,837.242,10.6,19.0,3.256
endeavouros-r08-s07,arch,endeavouros,endeavouros,8,7,2026-09-14T01:10:31+00:00,7.004,370.7,92.1,331.754,836.934,10.6,19.0,3.256
endeavouros-r08-s08,arch,endeavouros,endeavouros,8,8,2026-09-14T01:10:31+00:00,8.005,364.9,89.6,331.77,835.148,10.5,19.0,3.256
endeavouros-r08-s09,arch,endeavouros,endeavouros,8,9,2026-09-14T01:10:31+00:00,9.006,365.8,89.9,331.637,833.34,10.5,12.0,3.256
endeavouros-r08-s10,arch,endeavouros,endeavouros,8,10,2026-09-14T01:10:31+00:00,10.006,61.0,15.7,0.0,528.52,6.7,1.0,3.256
endeavouros-r09-s01,arch,endeavouros,endeavouros,9,1,2026-09-14T01:10:44+00:00,1.001,321.7,79.6,320.219,806.344,10.2,19.0,2.995
endeavouros-r09-s02,arch,endeavouros,endeavouros,9,2,2026-09-14T01:10:44+00:00,2.001,352.8,87.2,323.84,809.789,10.2,19.0,2.995
endeavouros-r09-s03,arch,endeavouros,endeavouros,9,3,2026-09-14T01:10:44+00:00,3.002,369.6,90.9,324.023,809.227,10.2,19.0,3.156
endeavouros-r09-s04,arch,endeavouros,endeavouros,9,4,2026-09-14T01:10:44+00:00,4.003,363.8,89.9,324.047,808.945,10.2,19.0,3.156
endeavouros-r09-s05,arch,endeavouros,endeavouros,9,5,2026-09-14T01:10:44+00:00,5.004,367.8,90.9,324.086,809.375,10.2,19.0,3.156
endeavouros-r09-s06,arch,endeavouros,endeavouros,9,6,2026-09-14T01:10:44+00:00,6.006,358.2,88.4,324.168,808.84,10.2,19.0,3.156
endeavouros-r09-s07,arch,endeavouros,endeavouros,9,7,2026-09-14T01:10:44+00:00,7.006,371.8,92.1,324.184,808.539,10.2,19.0,3.156
endeavouros-r09-s08,arch,endeavouros,endeavouros,9,8,2026-09-14T01:10:44+00:00,8.007,369.9,90.6,324.195,808.402,10.2,19.0,3.464
endeavouros-r09-s09,arch,endeavouros,endeavouros,9,9,2026-09-14T01:10:44+00:00,9.008,369.6,91.8,323.828,807.816,10.2,7.0,3.464
endeavouros-r09-s10,arch,endeavouros,endeavouros,9,10,2026-09-14T01:10:44+00:00,10.008,40.0,9.7,0.0,523.633,6.6,1.0,3.464
endeavouros-r10-s01,arch,endeavouros,endeavouros,10,1,2026-09-14T01:10:57+00:00,1.0,320.8,79.1,323.137,813.801,10.3,19.0,3.186
endeavouros-r10-s02,arch,endeavouros,endeavouros,10,2,2026-09-14T01:10:57+00:00,2.001,363.7,90.1,323.699,821.418,10.4,19.0,3.186
endeavouros-r10-s03,arch,endeavouros,endeavouros,10,3,2026-09-14T01:10:57+00:00,3.002,370.7,91.6,323.891,821.316,10.4,19.0,3.186
endeavouros-r10-s04,arch,endeavouros,endeavouros,10,4,2026-09-14T01:10:57+00:00,4.002,367.8,91.3,323.941,821.035,10.4,19.0,3.186
endeavouros-r10-s05,arch,endeavouros,endeavouros,10,5,2026-09-14T01:10:57+00:00,5.003,369.6,91.1,324.008,820.531,10.3,19.0,3.492
endeavouros-r10-s06,arch,endeavouros,endeavouros,10,6,2026-09-14T01:10:57+00:00,6.004,357.8,88.9,324.09,828.031,10.4,19.0,3.492
endeavouros-r10-s07,arch,endeavouros,endeavouros,10,7,2026-09-14T01:10:57+00:00,7.004,372.8,92.3,324.113,828.438,10.4,19.0,3.492
endeavouros-r10-s08,arch,endeavouros,endeavouros,10,8,2026-09-14T01:10:57+00:00,8.005,370.6,91.6,324.164,829.246,10.5,19.0,3.492
endeavouros-r10-s09,arch,endeavouros,endeavouros,10,9,2026-09-14T01:10:57+00:00,9.006,354.9,87.4,323.797,828.684,10.5,7.0,3.492
endeavouros-r10-s10,arch,endeavouros,endeavouros,10,10,2026-09-14T01:10:57+00:00,10.007,40.0,10.0,0.0,535.449,6.8,1.0,3.452
fedora-r01-s01,fedora,fedora,fedora,1,1,2026-09-14T00:49:55+00:00,1.0,306.9,76.3,300.5,878.543,11.1,19.0,1.384
fedora-r01-s02,fedora,fedora,fedora,1,2,2026-09-14T00:49:55+00:00,2.001,366.8,90.6,301.598,878.039,11.1,19.0,1.834
fedora-r01-s03,fedora,fedora,fedora,1,3,2026-09-14T00:49:55+00:00,3.001,357.8,88.7,301.949,877.98,11.1,19.0,1.834
fedora-r01-s04,fedora,fedora,fedora,1,4,2026-09-14T00:49:55+00:00,4.002,362.8,89.2,302.023,877.891,11.1,19.0,1.834
fedora-r01-s05,fedora,fedora,fedora,1,5,2026-09-14T00:49:55+00:00,5.003,366.5,90.6,302.059,877.609,11.1,19.0,1.834
fedora-r01-s06,fedora,fedora,fedora,1,6,2026-09-14T00:49:55+00:00,6.004,354.8,87.9,302.145,877.547,11.1,19.0,1.834
fedora-r01-s07,fedora,fedora,fedora,1,7,2026-09-14T00:49:55+00:00,7.004,371.8,92.3,302.164,877.438,11.1,19.0,2.008
fedora-r01-s08,fedora,fedora,fedora,1,8,2026-09-14T00:49:55+00:00,8.005,365.8,90.6,302.18,876.938,11.1,19.0,2.008
fedora-r01-s09,fedora,fedora,fedora,1,9,2026-09-14T00:49:55+00:00,9.006,359.5,88.9,301.906,876.375,11.1,7.0,2.008
fedora-r01-s10,fedora,fedora,fedora,1,10,2026-09-14T00:49:55+00:00,10.007,36.0,9.4,0.0,637.805,8.1,1.0,2.008
fedora-r02-s01,fedora,fedora,fedora,2,1,2026-09-14T00:50:08+00:00,1.0,309.9,76.9,300.492,878.402,11.1,19.0,1.847
fedora-r02-s02,fedora,fedora,fedora,2,2,2026-09-14T00:50:08+00:00,2.002,361.4,89.1,301.543,878.887,11.1,19.0,1.847
fedora-r02-s03,fedora,fedora,fedora,2,3,2026-09-14T00:50:08+00:00,3.002,370.8,91.4,301.973,878.547,11.1,19.0,1.847
fedora-r02-s04,fedora,fedora,fedora,2,4,2026-09-14T00:50:08+00:00,4.003,360.8,89.4,302.031,878.266,11.1,19.0,2.1
fedora-r02-s05,fedora,fedora,fedora,2,5,2026-09-14T00:50:08+00:00,5.003,370.8,91.6,302.051,878.457,11.1,19.0,2.1
fedora-r02-s06,fedora,fedora,fedora,2,6,2026-09-14T00:50:08+00:00,6.004,357.8,88.7,302.176,878.172,11.1,19.0,2.1
fedora-r02-s07,fedora,fedora,fedora,2,7,2026-09-14T00:50:08+00:00,7.006,364.0,89.9,302.191,878.074,11.1,19.0,2.1
fedora-r02-s08,fedora,fedora,fedora,2,8,2026-09-14T00:50:08+00:00,8.007,365.8,90.1,302.207,878.027,11.1,19.0,2.1
fedora-r02-s09,fedora,fedora,fedora,2,9,2026-09-14T00:50:08+00:00,9.007,361.9,88.9,301.934,877.465,11.1,7.0,2.412
fedora-r02-s10,fedora,fedora,fedora,2,10,2026-09-14T00:50:08+00:00,10.008,39.0,10.1,0.0,623.09,7.9,1.0,2.412
fedora-r03-s01,fedora,fedora,fedora,3,1,2026-09-14T00:50:21+00:00,1.0,306.9,75.9,299.855,873.746,11.0,19.0,2.7
fedora-r03-s02,fedora,fedora,fedora,3,2,2026-09-14T00:50:21+00:00,2.001,367.8,91.3,301.035,873.406,11.0,19.0,2.7
fedora-r03-s03,fedora,fedora,fedora,3,3,2026-09-14T00:50:21+00:00,3.002,368.6,91.1,301.469,873.113,11.0,19.0,2.7
fedora-r03-s04,fedora,fedora,fedora,3,4,2026-09-14T00:50:21+00:00,4.002,358.8,88.2,301.535,872.832,11.0,19.0,2.7
fedora-r03-s05,fedora,fedora,fedora,3,5,2026-09-14T00:50:21+00:00,5.003,367.6,90.6,301.566,872.723,11.0,19.0,2.7
fedora-r03-s06,fedora,fedora,fedora,3,6,2026-09-14T00:50:21+00:00,6.004,355.8,88.4,301.652,872.676,11.0,19.0,2.884
fedora-r03-s07,fedora,fedora,fedora,3,7,2026-09-14T00:50:21+00:00,7.005,366.6,90.4,301.668,872.418,11.0,19.0,2.884
fedora-r03-s08,fedora,fedora,fedora,3,8,2026-09-14T00:50:21+00:00,8.005,366.8,90.6,301.688,872.074,11.0,19.0,2.884
fedora-r03-s09,fedora,fedora,fedora,3,9,2026-09-14T00:50:21+00:00,9.006,363.9,90.0,301.414,870.418,11.0,7.0,2.884
fedora-r03-s10,fedora,fedora,fedora,3,10,2026-09-14T00:50:21+00:00,10.006,48.0,12.4,0.0,636.996,8.0,1.0,2.884
fedora-r04-s01,fedora,fedora,fedora,4,1,2026-09-14T00:50:34+00:00,1.0,305.8,75.7,297.355,867.469,10.9,19.0,2.653
fedora-r04-s02,fedora,fedora,fedora,4,2,2026-09-14T00:50:34+00:00,2.001,360.8,89.1,301.484,867.184,10.9,19.0,2.653
fedora-r04-s03,fedora,fedora,fedora,4,3,2026-09-14T00:50:34+00:00,3.002,365.6,90.1,301.918,866.691,10.9,19.0,2.841
fedora-r04-s04,fedora,fedora,fedora,4,4,2026-09-14T00:50:34+00:00,4.005,363.1,90.1,301.992,866.891,10.9,19.0,2.841
fedora-r04-s05,fedora,fedora,fedora,4,5,2026-09-14T00:50:34+00:00,5.005,364.8,90.2,302.016,867.309,10.9,19.0,2.841
fedora-r04-s06,fedora,fedora,fedora,4,6,2026-09-14T00:50:34+00:00,6.006,359.6,88.6,302.098,867.031,10.9,19.0,2.841
fedora-r04-s07,fedora,fedora,fedora,4,7,2026-09-14T00:50:34+00:00,7.007,368.8,91.8,302.133,866.984,10.9,19.0,2.841
fedora-r04-s08,fedora,fedora,fedora,4,8,2026-09-14T00:50:34+00:00,8.007,367.8,91.1,302.148,866.664,10.9,19.0,3.094
fedora-r04-s09,fedora,fedora,fedora,4,9,2026-09-14T00:50:34+00:00,9.008,360.8,88.7,301.941,866.602,10.9,8.0,3.094
fedora-r04-s10,fedora,fedora,fedora,4,10,2026-09-14T00:50:34+00:00,10.009,54.0,13.9,0.0,630.336,8.0,1.0,3.094
fedora-r05-s01,fedora,fedora,fedora,5,1,2026-09-14T00:50:47+00:00,1.0,299.9,74.3,300.191,860.703,10.9,19.0,2.846
fedora-r05-s02,fedora,fedora,fedora,5,2,2026-09-14T00:50:47+00:00,2.001,365.7,90.3,301.359,860.375,10.9,19.0,2.846
fedora-r05-s03,fedora,fedora,fedora,5,3,2026-09-14T00:50:47+00:00,3.002,363.9,89.7,301.824,859.879,10.9,19.0,2.846
fedora-r05-s04,fedora,fedora,fedora,5,4,2026-09-14T00:50:47+00:00,4.002,362.8,89.7,301.91,859.832,10.9,19.0,2.846
fedora-r05-s05,fedora,fedora,fedora,5,5,2026-09-14T00:50:47+00:00,5.003,369.7,90.9,301.926,859.969,10.9,19.0,3.019
fedora-r05-s06,fedora,fedora,fedora,5,6,2026-09-14T00:50:47+00:00,6.005,360.1,89.4,302.016,859.688,10.9,19.0,3.019
fedora-r05-s07,fedora,fedora,fedora,5,7,2026-09-14T00:50:47+00:00,7.006,366.8,90.9,302.027,859.281,10.8,19.0,3.019
fedora-r05-s08,fedora,fedora,fedora,5,8,2026-09-14T00:50:47+00:00,8.006,368.8,91.6,302.047,859.199,10.8,19.0,3.019
fedora-r05-s09,fedora,fedora,fedora,5,9,2026-09-14T00:50:47+00:00,9.006,359.8,88.9,301.773,858.918,10.8,7.0,3.019
fedora-r05-s10,fedora,fedora,fedora,5,10,2026-09-14T00:50:47+00:00,10.007,46.0,11.7,0.0,618.938,7.8,1.0,3.098
fedora-r06-s01,fedora,fedora,fedora,6,1,2026-09-14T00:51:00+00:00,1.001,309.7,77.0,300.52,864.594,10.9,19.0,3.098
fedora-r06-s02,fedora,fedora,fedora,6,2,2026-09-14T00:51:00+00:00,2.001,364.8,90.2,301.629,865.266,10.9,19.0,3.33
fedora-r06-s03,fedora,fedora,fedora,6,3,2026-09-14T00:51:00+00:00,3.002,361.8,89.4,301.973,865.227,10.9,19.0,3.33
fedora-r06-s04,fedora,fedora,fedora,6,4,2026-09-14T00:51:00+00:00,4.002,366.8,90.9,302.062,864.883,10.9,19.0,3.33
fedora-r06-s05,fedora,fedora,fedora,6,5,2026-09-14T00:51:00+00:00,5.003,369.7,91.4,302.105,864.383,10.9,19.0,3.33
fedora-r06-s06,fedora,fedora,fedora,6,6,2026-09-14T00:51:00+00:00,6.004,356.6,88.4,302.191,864.102,10.9,19.0,3.33
fedora-r06-s07,fedora,fedora,fedora,6,7,2026-09-14T00:51:00+00:00,7.004,368.8,91.3,302.203,863.758,10.9,19.0,3.544
fedora-r06-s08,fedora,fedora,fedora,6,8,2026-09-14T00:51:00+00:00,8.005,361.8,89.2,302.238,863.711,10.9,19.0,3.544
fedora-r06-s09,fedora,fedora,fedora,6,9,2026-09-14T00:51:00+00:00,9.005,360.8,89.7,301.973,863.43,10.9,7.0,3.544
fedora-r06-s10,fedora,fedora,fedora,6,10,2026-09-14T00:51:00+00:00,10.006,49.0,12.2,0.0,616.34,7.8,1.0,3.544
fedora-r07-s01,fedora,fedora,fedora,7,1,2026-09-14T00:51:13+00:00,1.002,307.2,75.9,300.285,873.883,11.0,19.0,3.34
fedora-r07-s02,fedora,fedora,fedora,7,2,2026-09-14T00:51:13+00:00,2.003,361.8,89.0,301.391,874.305,11.0,19.0,3.34
fedora-r07-s03,fedora,fedora,fedora,7,3,2026-09-14T00:51:13+00:00,3.003,369.8,91.3,301.828,873.805,11.0,19.0,3.34
fedora-r07-s04,fedora,fedora,fedora,7,4,2026-09-14T00:51:13+00:00,4.006,367.1,90.4,301.914,873.465,11.0,19.0,3.393
fedora-r07-s05,fedora,fedora,fedora,7,5,2026-09-14T00:51:13+00:00,5.008,365.2,90.6,301.934,873.184,11.0,19.0,3.393
fedora-r07-s06,fedora,fedora,fedora,7,6,2026-09-14T00:51:13+00:00,6.009,357.8,87.9,302.02,873.137,11.0,19.0,3.393
fedora-r07-s07,fedora,fedora,fedora,7,7,2026-09-14T00:51:13+00:00,7.009,367.8,91.1,302.031,873.27,11.0,19.0,3.393
fedora-r07-s08,fedora,fedora,fedora,7,8,2026-09-14T00:51:13+00:00,8.009,365.8,90.6,302.059,872.988,11.0,19.0,3.393
fedora-r07-s09,fedora,fedora,fedora,7,9,2026-09-14T00:51:13+00:00,9.01,362.9,89.4,301.793,872.707,11.0,7.0,3.602
fedora-r07-s10,fedora,fedora,fedora,7,10,2026-09-14T00:51:13+00:00,10.011,49.0,11.9,0.0,637.125,8.0,1.0,3.602
fedora-r08-s01,fedora,fedora,fedora,8,1,2026-09-14T00:51:26+00:00,1.001,307.7,76.1,297.074,886.492,11.2,19.0,3.313
fedora-r08-s02,fedora,fedora,fedora,8,2,2026-09-14T00:51:26+00:00,2.001,366.8,91.4,301.238,890.211,11.2,19.0,3.313
fedora-r08-s03,fedora,fedora,fedora,8,3,2026-09-14T00:51:26+00:00,3.003,363.4,89.7,301.582,889.84,11.2,19.0,3.313
fedora-r08-s04,fedora,fedora,fedora,8,4,2026-09-14T00:51:26+00:00,4.004,366.8,90.4,301.707,889.465,11.2,19.0,3.313
fedora-r08-s05,fedora,fedora,fedora,8,5,2026-09-14T00:51:26+00:00,5.004,364.8,90.1,301.727,888.473,11.2,19.0,3.449
fedora-r08-s06,fedora,fedora,fedora,8,6,2026-09-14T00:51:26+00:00,6.005,357.8,88.4,301.812,887.414,11.2,19.0,3.449
fedora-r08-s07,fedora,fedora,fedora,8,7,2026-09-14T00:51:26+00:00,7.007,366.0,90.4,301.828,886.918,11.2,19.0,3.449
fedora-r08-s08,fedora,fedora,fedora,8,8,2026-09-14T00:51:26+00:00,8.008,368.8,91.8,301.844,886.809,11.2,19.0,3.449
fedora-r08-s09,fedora,fedora,fedora,8,9,2026-09-14T00:51:26+00:00,9.008,363.8,90.4,301.582,886.762,11.2,7.0,3.449
fedora-r08-s10,fedora,fedora,fedora,8,10,2026-09-14T00:51:26+00:00,10.008,48.0,11.4,0.0,648.109,8.2,1.0,3.172
fedora-r09-s01,fedora,fedora,fedora,9,1,2026-09-14T00:51:39+00:00,1.0,311.9,77.5,300.449,878.121,11.1,19.0,3.172
fedora-r09-s02,fedora,fedora,fedora,9,2,2026-09-14T00:51:39+00:00,2.001,371.6,92.1,301.484,878.301,11.1,19.0,3.399
fedora-r09-s03,fedora,fedora,fedora,9,3,2026-09-14T00:51:39+00:00,3.002,365.8,91.5,301.906,877.742,11.1,19.0,3.399
fedora-r09-s04,fedora,fedora,fedora,9,4,2026-09-14T00:51:39+00:00,4.002,362.8,89.7,301.965,877.246,11.1,19.0,3.399
fedora-r09-s05,fedora,fedora,fedora,9,5,2026-09-14T00:51:39+00:00,5.003,369.8,91.6,301.98,876.965,11.1,19.0,3.399
fedora-r09-s06,fedora,fedora,fedora,9,6,2026-09-14T00:51:39+00:00,6.003,356.8,87.9,302.094,876.918,11.1,19.0,3.399
fedora-r09-s07,fedora,fedora,fedora,9,7,2026-09-14T00:51:39+00:00,7.003,370.8,91.9,302.109,876.871,11.1,19.0,3.527
fedora-r09-s08,fedora,fedora,fedora,9,8,2026-09-14T00:51:39+00:00,8.004,360.8,88.9,302.145,876.551,11.1,19.0,3.527
fedora-r09-s09,fedora,fedora,fedora,9,9,2026-09-14T00:51:39+00:00,9.005,363.5,90.1,302.121,876.27,11.1,12.0,3.527
fedora-r09-s10,fedora,fedora,fedora,9,10,2026-09-14T00:51:39+00:00,10.006,64.0,15.6,0.0,627.836,7.9,1.0,3.527
fedora-r10-s01,fedora,fedora,fedora,10,1,2026-09-14T00:51:52+00:00,1.001,305.6,76.0,300.289,869.594,11.0,19.0,3.245
fedora-r10-s02,fedora,fedora,fedora,10,2,2026-09-14T00:51:52+00:00,2.003,359.2,88.8,301.316,877.188,11.1,19.0,3.245
fedora-r10-s03,fedora,fedora,fedora,10,3,2026-09-14T00:51:52+00:00,3.005,367.3,90.9,301.762,876.926,11.1,19.0,3.245
fedora-r10-s04,fedora,fedora,fedora,10,4,2026-09-14T00:51:52+00:00,4.008,365.2,90.6,301.855,876.395,11.1,19.0,3.465
fedora-r10-s05,fedora,fedora,fedora,10,5,2026-09-14T00:51:52+00:00,5.008,368.8,91.4,301.918,876.527,11.1,19.0,3.465
fedora-r10-s06,fedora,fedora,fedora,10,6,2026-09-14T00:51:52+00:00,6.009,362.5,89.8,302.004,876.027,11.1,19.0,3.465
fedora-r10-s07,fedora,fedora,fedora,10,7,2026-09-14T00:51:52+00:00,7.01,364.6,90.2,302.027,875.965,11.1,19.0,3.465
fedora-r10-s08,fedora,fedora,fedora,10,8,2026-09-14T00:51:52+00:00,8.011,364.8,90.4,302.043,875.637,11.1,19.0,3.465
fedora-r10-s09,fedora,fedora,fedora,10,9,2026-09-14T00:51:52+00:00,9.011,367.8,90.9,301.832,875.137,11.0,8.0,3.508
fedora-r10-s10,fedora,fedora,fedora,10,10,2026-09-14T00:51:52+00:00,10.012,54.0,13.2,0.0,623.633,7.9,1.0,3.508
bazzite-r01-s01,fedora,bazzite,bazzite,1,1,2026-09-13T14:35:16+00:00,1.0,304.9,75.6,304.566,994.516,12.6,19.0,1.604
bazzite-r01-s02,fedora,bazzite,bazzite,1,2,2026-09-13T14:35:16+00:00,2.001,364.8,89.9,305.676,1001.895,12.7,19.0,1.604
bazzite-r01-s03,fedora,bazzite,bazzite,1,3,2026-09-13T14:35:16+00:00,3.001,371.8,92.8,306.148,1001.395,12.6,19.0,1.604
bazzite-r01-s04,fedora,bazzite,bazzite,1,4,2026-09-13T14:35:16+00:00,4.003,374.3,92.8,306.246,1000.898,12.6,19.0,1.604
bazzite-r01-s05,fedora,bazzite,bazzite,1,5,2026-09-13T14:35:16+00:00,5.004,363.8,89.9,306.273,1000.555,12.6,19.0,1.604
bazzite-r01-s06,fedora,bazzite,bazzite,1,6,2026-09-13T14:35:16+00:00,6.004,356.8,88.4,306.359,1000.508,12.6,19.0,2.116
bazzite-r01-s07,fedora,bazzite,bazzite,1,7,2026-09-13T14:35:16+00:00,7.005,369.8,91.8,306.383,1000.227,12.6,19.0,2.116
bazzite-r01-s08,fedora,bazzite,bazzite,1,8,2026-09-13T14:35:16+00:00,8.005,367.8,90.9,306.414,999.961,12.6,19.0,2.116
bazzite-r01-s09,fedora,bazzite,bazzite,1,9,2026-09-13T14:35:16+00:00,9.006,369.8,91.8,306.453,999.887,12.6,12.0,2.116
bazzite-r01-s10,fedora,bazzite,bazzite,1,10,2026-09-13T14:35:16+00:00,10.007,61.9,15.4,0.0,762.191,9.6,1.0,2.116
bazzite-r02-s01,fedora,bazzite,bazzite,2,1,2026-09-13T14:35:29+00:00,1.002,303.3,75.6,304.762,984.742,12.4,19.0,2.026
bazzite-r02-s02,fedora,bazzite,bazzite,2,2,2026-09-13T14:35:29+00:00,2.002,367.8,90.9,305.961,985.27,12.4,19.0,2.026
bazzite-r02-s03,fedora,bazzite,bazzite,2,3,2026-09-13T14:35:29+00:00,3.004,368.5,91.4,306.383,984.988,12.4,19.0,2.265
bazzite-r02-s04,fedora,bazzite,bazzite,2,4,2026-09-13T14:35:29+00:00,4.004,363.8,90.1,306.492,984.711,12.4,19.0,2.265
bazzite-r02-s05,fedora,bazzite,bazzite,2,5,2026-09-13T14:35:29+00:00,5.005,368.6,91.6,306.539,984.148,12.4,19.0,2.265
bazzite-r02-s06,fedora,bazzite,bazzite,2,6,2026-09-13T14:35:29+00:00,6.006,360.6,89.2,306.637,984.32,12.4,19.0,2.265
bazzite-r02-s07,fedora,bazzite,bazzite,2,7,2026-09-13T14:35:29+00:00,7.007,373.8,92.8,306.652,984.039,12.4,19.0,2.265
bazzite-r02-s08,fedora,bazzite,bazzite,2,8,2026-09-13T14:35:29+00:00,8.007,369.8,91.3,306.664,984.234,12.4,19.0,2.484
bazzite-r02-s09,fedora,bazzite,bazzite,2,9,2026-09-13T14:35:29+00:00,9.008,371.6,91.9,306.762,983.953,12.4,18.0,2.484
bazzite-r02-s10,fedora,bazzite,bazzite,2,10,2026-09-13T14:35:29+00:00,10.009,76.0,19.1,0.0,744.148,9.4,1.0,2.484
bazzite-r03-s01,fedora,bazzite,bazzite,3,1,2026-09-13T14:35:42+00:00,1.002,301.4,74.6,304.496,994.297,12.6,19.0,2.285
bazzite-r03-s02,fedora,bazzite,bazzite,3,2,2026-09-13T14:35:42+00:00,2.002,369.8,91.6,305.727,1002.305,12.7,19.0,2.285
bazzite-r03-s03,fedora,bazzite,bazzite,3,3,2026-09-13T14:35:42+00:00,3.003,369.8,91.6,306.086,1002.031,12.7,19.0,2.285
bazzite-r03-s04,fedora,bazzite,bazzite,3,4,2026-09-13T14:35:42+00:00,4.003,369.8,91.9,306.227,1001.75,12.6,19.0,2.285
bazzite-r03-s05,fedora,bazzite,bazzite,3,5,2026-09-13T14:35:42+00:00,5.004,361.8,89.1,306.238,1001.309,12.6,19.0,2.502
bazzite-r03-s06,fedora,bazzite,bazzite,3,6,2026-09-13T14:35:42+00:00,6.006,356.3,87.9,306.328,1001.027,12.6,19.0,2.502
bazzite-r03-s07,fedora,bazzite,bazzite,3,7,2026-09-13T14:35:42+00:00,7.006,376.8,93.3,306.348,1000.766,12.6,19.0,2.502
bazzite-r03-s08,fedora,bazzite,bazzite,3,8,2026-09-13T14:35:42+00:00,8.007,372.8,92.8,306.375,1000.719,12.6,19.0,2.502
bazzite-r03-s09,fedora,bazzite,bazzite,3,9,2026-09-13T14:35:42+00:00,9.008,370.3,92.1,306.395,1000.68,12.6,19.0,2.502
bazzite-r03-s10,fedora,bazzite,bazzite,3,10,2026-09-13T14:35:42+00:00,10.009,175.9,43.7,0.0,755.176,9.5,1.0,2.783
bazzite-r04-s01,fedora,bazzite,bazzite,4,1,2026-09-13T14:35:55+00:00,1.001,304.7,75.8,304.398,996.223,12.6,19.0,2.783
bazzite-r04-s02,fedora,bazzite,bazzite,4,2,2026-09-13T14:35:55+00:00,2.001,367.8,91.4,305.559,996.422,12.6,19.0,3.121
bazzite-r04-s03,fedora,bazzite,bazzite,4,3,2026-09-13T14:35:55+00:00,3.003,369.3,91.3,305.965,995.922,12.6,19.0,3.121
bazzite-r04-s04,fedora,bazzite,bazzite,4,4,2026-09-13T14:35:55+00:00,4.004,372.7,92.1,306.043,995.883,12.6,19.0,3.121
bazzite-r04-s05,fedora,bazzite,bazzite,4,5,2026-09-13T14:35:55+00:00,5.005,368.4,91.1,306.062,996.008,12.6,19.0,3.121
bazzite-r04-s06,fedora,bazzite,bazzite,4,6,2026-09-13T14:35:55+00:00,6.007,361.4,89.4,306.156,995.508,12.6,19.0,3.121
bazzite-r04-s07,fedora,bazzite,bazzite,4,7,2026-09-13T14:35:55+00:00,7.008,373.8,92.1,306.172,995.227,12.6,19.0,3.271
bazzite-r04-s08,fedora,bazzite,bazzite,4,8,2026-09-13T14:35:55+00:00,8.008,367.8,91.3,306.188,994.883,12.6,19.0,3.271
bazzite-r04-s09,fedora,bazzite,bazzite,4,9,2026-09-13T14:35:55+00:00,9.008,364.8,90.1,305.938,994.836,12.6,8.0,3.271
bazzite-r04-s10,fedora,bazzite,bazzite,4,10,2026-09-13T14:35:55+00:00,10.009,59.0,14.6,0.0,769.035,9.7,1.0,3.271
bazzite-r05-s01,fedora,bazzite,bazzite,5,1,2026-09-13T14:36:08+00:00,1.002,300.3,74.5,304.699,1004.281,12.7,19.0,3.009
bazzite-r05-s02,fedora,bazzite,bazzite,5,2,2026-09-13T14:36:08+00:00,2.003,367.8,90.4,305.875,1004.707,12.7,19.0,3.009
bazzite-r05-s03,fedora,bazzite,bazzite,5,3,2026-09-13T14:36:08+00:00,3.004,369.4,91.8,306.27,1004.422,12.7,19.0,3.009
bazzite-r05-s04,fedora,bazzite,bazzite,5,4,2026-09-13T14:36:08+00:00,4.005,369.8,91.6,306.352,1003.922,12.7,19.0,3.089
bazzite-r05-s05,fedora,bazzite,bazzite,5,5,2026-09-13T14:36:08+00:00,5.005,371.8,92.1,306.391,1003.367,12.7,19.0,3.089
bazzite-r05-s06,fedora,bazzite,bazzite,5,6,2026-09-13T14:36:08+00:00,6.007,360.5,89.6,306.492,1002.867,12.7,19.0,3.089
bazzite-r05-s07,fedora,bazzite,bazzite,5,7,2026-09-13T14:36:08+00:00,7.007,371.8,91.9,306.508,1002.367,12.7,19.0,3.089
bazzite-r05-s08,fedora,bazzite,bazzite,5,8,2026-09-13T14:36:08+00:00,8.008,366.8,90.4,306.551,1001.805,12.6,19.0,3.089
bazzite-r05-s09,fedora,bazzite,bazzite,5,9,2026-09-13T14:36:08+00:00,9.008,367.8,91.1,306.531,1001.523,12.6,12.0,3.482
bazzite-r05-s10,fedora,bazzite,bazzite,5,10,2026-09-13T14:36:08+00:00,10.009,63.9,15.8,0.0,767.543,9.7,1.0,3.482
bazzite-r06-s01,fedora,bazzite,bazzite,6,1,2026-09-13T14:36:21+00:00,1.001,304.8,75.9,304.105,992.684,12.5,19.0,3.524
bazzite-r06-s02,fedora,bazzite,bazzite,6,2,2026-09-13T14:36:21+00:00,2.002,365.6,90.6,305.191,993.465,12.5,19.0,3.524
bazzite-r06-s03,fedora,bazzite,bazzite,6,3,2026-09-13T14:36:21+00:00,3.004,369.0,91.4,305.625,993.184,12.5,19.0,3.524
bazzite-r06-s04,fedora,bazzite,bazzite,6,4,2026-09-13T14:36:21+00:00,4.005,366.7,90.4,305.734,993.672,12.5,19.0,3.524
bazzite-r06-s05,fedora,bazzite,bazzite,6,5,2026-09-13T14:36:21+00:00,5.006,368.5,91.9,305.75,993.109,12.5,19.0,3.524
bazzite-r06-s06,fedora,bazzite,bazzite,6,6,2026-09-13T14:36:21+00:00,6.007,360.8,89.2,305.848,992.828,12.5,19.0,3.723
bazzite-r06-s07,fedora,bazzite,bazzite,6,7,2026-09-13T14:36:21+00:00,7.008,367.6,91.1,305.863,993.027,12.5,19.0,3.723
bazzite-r06-s08,fedora,bazzite,bazzite,6,8,2026-09-13T14:36:21+00:00,8.008,367.8,90.6,305.895,992.762,12.5,19.0,3.723
bazzite-r06-s09,fedora,bazzite,bazzite,6,9,2026-09-13T14:36:21+00:00,9.009,365.8,91.4,306.055,994.113,12.6,18.0,3.723
bazzite-r06-s10,fedora,bazzite,bazzite,6,10,2026-09-13T14:36:21+00:00,10.009,71.0,17.4,0.0,755.16,9.5,1.0,3.723
bazzite-r07-s01,fedora,bazzite,bazzite,7,1,2026-09-13T14:36:34+00:00,1.0,300.9,74.8,304.84,977.035,12.3,19.0,3.424
bazzite-r07-s02,fedora,bazzite,bazzite,7,2,2026-09-13T14:36:34+00:00,2.001,365.5,90.9,305.977,978.91,12.4,19.0,3.424
bazzite-r07-s03,fedora,bazzite,bazzite,7,3,2026-09-13T14:36:34+00:00,3.002,372.6,92.1,306.379,978.414,12.4,19.0,3.39
bazzite-r07-s04,fedora,bazzite,bazzite,7,4,2026-09-13T14:36:34+00:00,4.004,370.3,91.9,306.551,978.133,12.4,19.0,3.39
bazzite-r07-s05,fedora,bazzite,bazzite,7,5,2026-09-13T14:36:34+00:00,5.005,366.8,91.1,306.57,978.559,12.4,19.0,3.39
bazzite-r07-s06,fedora,bazzite,bazzite,7,6,2026-09-13T14:36:34+00:00,6.007,358.3,88.9,306.652,978.535,12.4,19.0,3.39
bazzite-r07-s07,fedora,bazzite,bazzite,7,7,2026-09-13T14:36:34+00:00,7.008,370.7,91.8,306.664,978.254,12.4,19.0,3.39
bazzite-r07-s08,fedora,bazzite,bazzite,7,8,2026-09-13T14:36:34+00:00,8.008,365.8,90.4,306.68,978.426,12.4,19.0,3.6
bazzite-r07-s09,fedora,bazzite,bazzite,7,9,2026-09-13T14:36:34+00:00,9.012,370.7,91.4,306.699,978.402,12.4,19.0,3.6
bazzite-r07-s10,fedora,bazzite,bazzite,7,10,2026-09-13T14:36:34+00:00,10.012,122.9,30.4,0.0,736.977,9.3,1.0,3.6
bazzite-r08-s01,fedora,bazzite,bazzite,8,1,2026-09-13T14:36:47+00:00,1.002,305.4,76.0,304.848,982.508,12.4,19.0,3.311
bazzite-r08-s02,fedora,bazzite,bazzite,8,2,2026-09-13T14:36:47+00:00,2.002,365.8,90.6,305.977,982.23,12.4,19.0,3.311
bazzite-r08-s03,fedora,bazzite,bazzite,8,3,2026-09-13T14:36:47+00:00,3.003,374.8,93.1,306.371,981.949,12.4,19.0,3.311
bazzite-r08-s04,fedora,bazzite,bazzite,8,4,2026-09-13T14:36:47+00:00,4.003,369.8,91.6,306.461,981.391,12.4,19.0,3.311
bazzite-r08-s05,fedora,bazzite,bazzite,8,5,2026-09-13T14:36:47+00:00,5.004,370.7,91.6,306.477,981.344,12.4,19.0,3.446
bazzite-r08-s06,fedora,bazzite,bazzite,8,6,2026-09-13T14:36:47+00:00,6.005,359.8,89.4,306.566,981.52,12.4,19.0,3.446
bazzite-r08-s07,fedora,bazzite,bazzite,8,7,2026-09-13T14:36:47+00:00,7.006,369.6,92.1,306.578,981.258,12.4,19.0,3.446
bazzite-r08-s08,fedora,bazzite,bazzite,8,8,2026-09-13T14:36:47+00:00,8.006,369.8,91.4,306.594,980.914,12.4,19.0,3.446
bazzite-r08-s09,fedora,bazzite,bazzite,8,9,2026-09-13T14:36:47+00:00,9.007,367.6,91.6,306.258,980.414,12.4,7.0,3.446
bazzite-r08-s10,fedora,bazzite,bazzite,8,10,2026-09-13T14:36:47+00:00,10.008,51.0,12.2,0.0,744.957,9.4,1.0,3.491
bazzite-r09-s01,fedora,bazzite,bazzite,9,1,2026-09-13T14:37:00+00:00,1.001,308.6,76.5,304.602,1000.613,12.6,19.0,3.491
bazzite-r09-s02,fedora,bazzite,bazzite,9,2,2026-09-13T14:37:00+00:00,2.002,364.8,90.4,305.695,1000.117,12.6,19.0,3.772
bazzite-r09-s03,fedora,bazzite,bazzite,9,3,2026-09-13T14:37:00+00:00,3.002,364.8,90.4,306.145,1000.285,12.6,19.0,3.772
bazzite-r09-s04,fedora,bazzite,bazzite,9,4,2026-09-13T14:37:00+00:00,4.003,368.7,91.6,306.227,1000.035,12.6,19.0,3.772
bazzite-r09-s05,fedora,bazzite,bazzite,9,5,2026-09-13T14:37:00+00:00,5.004,365.6,90.1,306.25,999.691,12.6,19.0,3.772
bazzite-r09-s06,fedora,bazzite,bazzite,9,6,2026-09-13T14:37:00+00:00,6.005,360.8,89.6,306.34,999.191,12.6,19.0,3.772
bazzite-r09-s07,fedora,bazzite,bazzite,9,7,2026-09-13T14:37:00+00:00,7.005,371.8,92.3,306.363,999.152,12.6,19.0,3.871
bazzite-r09-s08,fedora,bazzite,bazzite,9,8,2026-09-13T14:37:00+00:00,8.007,363.4,89.7,306.414,998.887,12.6,19.0,3.871
bazzite-r09-s09,fedora,bazzite,bazzite,9,9,2026-09-13T14:37:00+00:00,9.007,370.8,91.4,306.391,998.324,12.6,12.0,3.871
bazzite-r09-s10,fedora,bazzite,bazzite,9,10,2026-09-13T14:37:00+00:00,10.008,67.9,16.8,0.0,755.766,9.5,1.0,3.871
bazzite-r10-s01,fedora,bazzite,bazzite,10,1,2026-09-13T14:37:13+00:00,1.001,308.7,77.0,304.441,1019.801,12.9,19.0,3.561
bazzite-r10-s02,fedora,bazzite,bazzite,10,2,2026-09-13T14:37:13+00:00,2.001,373.8,92.8,305.59,1019.523,12.9,19.0,3.561
bazzite-r10-s03,fedora,bazzite,bazzite,10,3,2026-09-13T14:37:13+00:00,3.002,367.8,91.1,305.953,1019.023,12.9,19.0,3.561
bazzite-r10-s04,fedora,bazzite,bazzite,10,4,2026-09-13T14:37:13+00:00,4.002,368.8,91.1,306.043,1018.699,12.9,19.0,3.676
bazzite-r10-s05,fedora,bazzite,bazzite,10,5,2026-09-13T14:37:13+00:00,5.003,368.6,91.4,306.062,1018.199,12.9,19.0,3.676
bazzite-r10-s06,fedora,bazzite,bazzite,10,6,2026-09-13T14:37:13+00:00,6.004,354.6,87.2,306.16,1017.695,12.8,19.0,3.676
bazzite-r10-s07,fedora,bazzite,bazzite,10,7,2026-09-13T14:37:13+00:00,7.005,374.8,93.5,306.176,1017.871,12.9,19.0,3.676
bazzite-r10-s08,fedora,bazzite,bazzite,10,8,2026-09-13T14:37:13+00:00,8.007,372.3,92.1,306.223,1017.301,12.8,19.0,3.676
bazzite-r10-s09,fedora,bazzite,bazzite,10,9,2026-09-13T14:37:13+00:00,9.007,368.8,91.4,306.199,1014.195,12.8,12.0,3.863
bazzite-r10-s10,fedora,bazzite,bazzite,10,10,2026-09-13T14:37:13+00:00,10.008,67.0,16.4,0.0,762.285,9.6,1.0,3.863
