family,distribution,metric,n,mean,median,variance,std,cv_percent,min,q1,q3,max,range,iqr
arch,arch-linux,process_cpu_mean_percent,10,331.5559999999999,330.605,13.644693333333338,3.6938724034992516,1.1141021135190594,328.11,329.04999999999995,332.88,340.26,12.149999999999977,3.830000000000041
arch,arch-linux,process_cpu_peak_percent,10,372.24000000000007,372.3,6.3693333333333255,2.523753817893759,0.6779910321012677,369.8,369.92499999999995,372.8,376.4,6.599999999999966,2.875000000000057
arch,arch-linux,system_cpu_mean_percent,10,81.987,81.72,0.9981344444444495,0.9990667867787666,1.2185673177195977,81.07,81.2425,82.39750000000001,84.31,3.240000000000009,1.1550000000000011
arch,arch-linux,system_cpu_peak_percent,10,92.19999999999999,92.1,0.35999999999999727,0.5999999999999978,0.6507592190889347,91.4,91.9,92.3,93.3,1.8999999999999915,0.3999999999999915
arch,arch-linux,process_rss_mean_mb,10,295.4803,294.8105,14.739363566666619,3.8391878785319453,1.2993041764652147,289.663,292.3435,298.54025,300.544,10.880999999999972,6.196750000000009
arch,arch-linux,process_rss_peak_mb,10,330.2538,331.746,20.47052551111119,4.524436485476527,1.3699877141388008,324.258,325.66274999999996,334.123,335.035,10.777000000000044,8.46025000000003
arch,arch-linux,system_memory_used_mean_mb,10,703.5844,704.9535000000001,93.28451071111111,9.658390689504701,1.3727408807677801,681.273,701.607,708.22,715.143,33.870000000000005,6.613000000000056
arch,arch-linux,system_memory_used_peak_mb,10,739.1648,739.094,114.31329662222194,10.691739644333936,1.4464622293071767,716.441,734.916,743.5487499999999,755.672,39.230999999999995,8.632749999999874
arch,arch-linux,threads_mean,10,16.58,16.6,0.32622222222222247,0.5711586664161041,3.444865298046467,16.0,16.025,17.1,17.2,1.1999999999999993,1.0750000000000028
arch,arch-linux,threads_peak,10,19.0,19.0,0.0,0.0,0.0,19.0,19.0,19.0,19.0,0.0,0.0
arch,arch-linux,elapsed_s,10,10.0086,10.008,3.600000000001536e-06,0.0018973665961014323,0.018957362629153252,10.007,10.007249999999999,10.00875,10.012,0.005000000000000782,0.0015000000000000568
arch,arch-linux,samples,10,10.0,10.0,0.0,0.0,0.0,10.0,10.0,10.0,10.0,0.0,0.0
fedora,bazzite,process_cpu_mean_percent,10,332.8260000000001,330.98,14.753582222222247,3.8410392112320655,1.1540682552541162,330.43,330.73,332.485,342.47,12.04000000000002,1.7549999999999955
fedora,bazzite,process_cpu_peak_percent,10,373.35,373.8,4.633888888888898,2.152646949429678,0.5765761214489561,369.0,372.0,374.675,376.8,7.800000000000011,2.6750000000000114
fedora,bazzite,system_cpu_mean_percent,10,82.462,81.975,0.9186622222222235,0.9584686860937208,1.1623155951756212,81.88,81.9225,82.39750000000001,84.86,2.980000000000004,0.4750000000000085
fedora,bazzite,system_cpu_peak_percent,10,92.6,92.55,0.32888888888888873,0.573488351136175,0.6193178737971653,91.9,92.1,93.02499999999999,93.5,1.5999999999999943,0.9249999999999972
fedora,bazzite,process_rss_mean_mb,10,275.4423,275.4475,0.04700067777777827,0.21679639705903386,0.07870846164842288,275.007,275.31925,275.6015,275.701,0.6940000000000168,0.28224999999997635
fedora,bazzite,process_rss_peak_mb,10,306.4334,306.4335,0.05200604444444422,0.22804833795589088,0.07442019634801261,306.055,306.266,306.58325,306.762,0.7069999999999936,0.31725000000000136
fedora,bazzite,system_memory_used_mean_mb,10,971.4415999999999,974.1005,130.8739673777775,11.440016056709776,1.1776329175845237,954.164,962.6912500000001,976.15375,992.459,38.29499999999996,13.462499999999864
fedora,bazzite,system_memory_used_peak_mb,10,996.6544,998.5175,147.41942137777798,12.141639978922862,1.218239740769003,978.91,987.48075,1002.2025,1019.801,40.891000000000076,14.721750000000043
fedora,bazzite,threads_mean,10,16.67,16.5,0.20233333333333325,0.44981477669517844,2.698348990372996,16.0,16.5,17.1,17.2,1.1999999999999993,0.6000000000000014
fedora,bazzite,threads_peak,10,19.0,19.0,0.0,0.0,0.0,19.0,19.0,19.0,19.0,0.0,0.0
fedora,bazzite,elapsed_s,10,10.0094,10.0095,2.7111111111115796e-06,0.0016465452046972714,0.016449989057258894,10.007,10.00825,10.01,10.013,0.006000000000000227,0.0017499999999994742
fedora,bazzite,samples,10,10.0,10.0,0.0,0.0,0.0,10.0,10.0,10.0,10.0,0.0,0.0
debian,debian,process_cpu_mean_percent,10,323.975,323.485,2.2634944444444245,1.5044914238520686,0.4643850370714001,322.26,322.7325,325.49,326.02,3.759999999999991,2.757499999999993
debian,debian,process_cpu_peak_percent,10,352.91,352.8,3.7143333333333066,1.9272605774345375,0.5461054029170432,349.8,351.575,354.375,355.8,6.0,2.8000000000000114
debian,debian,system_cpu_mean_percent,10,80.911,80.775,0.15076555555555593,0.38828540476762186,0.4798919859693019,80.45,80.58,81.3275,81.4,0.9500000000000028,0.7475000000000023
debian,debian,system_cpu_peak_percent,10,88.07000000000001,88.1,0.22900000000000004,0.478539444560216,0.5433626031114068,87.2,87.8,88.45,88.7,1.5,0.6500000000000057
debian,debian,process_rss_mean_mb,10,312.7401,312.6855,1.224132099999976,1.1064050343341612,0.3537777964303782,311.208,311.8915,313.36625000000004,314.852,3.6439999999999486,1.4747500000000286
debian,debian,process_rss_peak_mb,10,348.77689999999996,349.115,1.5455905444444338,1.243217818583869,0.35645073357320084,346.359,348.2275,349.801,350.094,3.7350000000000136,1.5734999999999673
debian,debian,system_memory_used_mean_mb,10,739.4489000000001,738.98,45.46130498888905,6.742499906480463,0.9118277012083542,728.188,735.593,743.22725,751.586,23.398000000000025,7.6342500000000655
debian,debian,system_memory_used_peak_mb,10,775.3996,773.557,70.38643582222225,8.389662437918599,1.0819792063238876,764.246,770.32575,779.3175,793.543,29.297000000000025,8.991750000000025
debian,debian,threads_mean,10,17.199999999999996,17.2,1.4024193870595766e-29,3.744889033148481e-15,2.1772610657840012e-14,17.2,17.2,17.2,17.2,0.0,0.0
debian,debian,threads_peak,10,19.0,19.0,0.0,0.0,0.0,19.0,19.0,19.0,19.0,0.0,0.0
debian,debian,elapsed_s,10,10.0117,10.011,7.566666666666254e-06,0.0027507574714369593,0.027475428463067806,10.007,10.011,10.013,10.017,0.009999999999999787,0.002000000000000668
debian,debian,samples,10,10.0,10.0,0.0,0.0,0.0,10.0,10.0,10.0,10.0,0.0,0.0
arch,endeavouros,process_cpu_mean_percent,10,328.277,328.525,2.098201111111111,1.4485168660085084,0.44124835611648344,325.67,327.515,329.2375,330.2,4.529999999999973,1.722500000000025
arch,endeavouros,process_cpu_peak_percent,10,372.39000000000004,372.3,2.836555555555569,1.6842076937110722,0.45226984981097024,370.4,371.05,373.1,376.0,5.600000000000023,2.0500000000000114
arch,endeavouros,system_cpu_mean_percent,10,81.16100000000002,81.18,0.12796555555555542,0.35772273558659284,0.4407569344717201,80.54,80.97,81.4075,81.68,1.1400000000000006,0.4375
arch,endeavouros,system_cpu_peak_percent,10,92.22999999999999,92.19999999999999,0.2445555555555533,0.4945255863507502,0.5361873428935815,91.4,91.875,92.57499999999999,93.1,1.6999999999999886,0.6999999999999886
arch,endeavouros,process_rss_mean_mb,10,294.49580000000003,294.5185,6.271497733333326,2.5042958557912693,0.8503672567796448,291.259,292.452,296.4205,298.658,7.399000000000001,3.968500000000006
arch,endeavouros,process_rss_peak_mb,10,329.02139999999997,330.658,13.80327337777784,3.7152756799163424,1.1291896757828952,324.164,325.22225,331.881,332.957,8.793000000000006,6.658749999999998
arch,endeavouros,system_memory_used_mean_mb,10,794.7093,794.884,96.46753378888894,9.821788726545126,1.2358970414144048,780.091,789.1310000000001,799.88725,812.942,32.851,10.756249999999909
arch,endeavouros,system_memory_used_peak_mb,10,829.1716,828.9335,129.0121729333332,11.358352562468433,1.369843415098688,809.789,822.2355,835.80675,849.305,39.51599999999996,13.571249999999964
arch,endeavouros,threads_mean,10,16.05,16.0,0.024999999999999994,0.15811388300841894,0.9851332274667847,16.0,16.0,16.0,16.5,0.5,0.0
arch,endeavouros,threads_peak,10,19.0,19.0,0.0,0.0,0.0,19.0,19.0,19.0,19.0,0.0,0.0
arch,endeavouros,elapsed_s,10,10.0084,10.0085,2.4888888888888932e-06,0.0015776212754932324,0.015762971858571125,10.006,10.007,10.01,10.01,0.0039999999999995595,0.0030000000000001137
arch,endeavouros,samples,10,10.0,10.0,0.0,0.0,0.0,10.0,10.0,10.0,10.0,0.0,0.0
fedora,fedora,process_cpu_mean_percent,10,327.12,327.095,1.6085777777777521,1.268297196156229,0.38771618860241774,324.87,326.50750000000005,327.4275,329.78,4.909999999999968,0.9199999999999591
fedora,fedora,process_cpu_peak_percent,10,369.84000000000003,369.7,1.409333333333336,1.1871534582072092,0.3209910929610667,368.6,368.8,370.55,371.8,3.1999999999999886,1.75
fedora,fedora,system_cpu_mean_percent,10,80.931,80.91,0.11549888888888993,0.3398512746612699,0.419927190645451,80.45,80.7575,81.0,81.68,1.230000000000004,0.24250000000000682
fedora,fedora,system_cpu_peak_percent,10,91.66,91.6,0.11599999999999883,0.3405877273185263,0.37157727178543126,91.3,91.4,91.8,92.3,1.0,0.3999999999999915
fedora,fedora,process_rss_mean_mb,10,271.46990000000005,271.51599999999996,0.04867054444444677,0.22061401688117363,0.08126647443461452,271.039,271.358,271.64525,271.689,0.6500000000000341,0.2872499999999718
fedora,fedora,process_rss_peak_mb,10,302.0599,302.102,0.029795655555556806,0.1726141812121959,0.057145679122649486,301.688,302.044,302.172,302.238,0.5500000000000114,0.12800000000004275
fedora,fedora,system_memory_used_mean_mb,10,849.0379,850.0450000000001,63.72924632222225,7.983059959828828,0.9402477745491488,835.678,844.7470000000001,852.6247500000001,864.049,28.37099999999998,7.877749999999992
fedora,fedora,system_memory_used_peak_mb,10,874.4619,875.7465,69.97233721111121,8.364946934147952,0.9565822060569993,860.703,869.0382500000001,878.4825000000001,890.211,29.508000000000038,9.444250000000011
fedora,fedora,threads_mean,10,16.07,16.0,0.024555555555555574,0.15670212364724218,0.975122113548489,16.0,16.0,16.075000000000003,16.5,0.5,0.07500000000000284
fedora,fedora,threads_peak,10,19.0,19.0,0.0,0.0,0.0,19.0,19.0,19.0,19.0,0.0,0.0
fedora,fedora,elapsed_s,10,10.0083,10.008,4.011111111111204e-06,0.0020027758514399967,0.020011149260513738,10.006,10.007,10.009,10.012,0.006000000000000227,0.002000000000000668
fedora,fedora,samples,10,10.0,10.0,0.0,0.0,0.0,10.0,10.0,10.0,10.0,0.0,0.0
debian,ubuntu,process_cpu_mean_percent,10,325.829,325.93499999999995,7.4786100000000015,2.734704737261411,0.8393067336736174,321.34,324.06,327.04999999999995,330.93,9.590000000000032,2.9899999999999523
debian,ubuntu,process_cpu_peak_percent,10,358.17,357.65,4.724555555555567,2.1736042775895448,0.6068638572715594,354.9,356.575,360.25,360.9,6.0,3.6750000000000114
debian,ubuntu,system_cpu_mean_percent,10,81.538,81.565,0.4615733333333371,0.6793918849481035,0.8332211790184988,80.44,81.10499999999999,81.85249999999999,82.81,2.3700000000000045,0.7475000000000023
debian,ubuntu,system_cpu_peak_percent,10,89.65,89.5,0.3072222222222225,0.5542763049438633,0.6182669324527197,88.7,89.4,90.175,90.4,1.7000000000000028,0.7749999999999915
debian,ubuntu,process_rss_mean_mb,10,283.2544,283.301,0.044814044444447636,0.2116932791669297,0.074736095597078,282.859,283.15975000000003,283.40500000000003,283.532,0.6730000000000018,0.24524999999999864
debian,ubuntu,process_rss_peak_mb,10,315.15229999999997,315.127,0.01789223333333273,0.13376185305733743,0.04244355921163749,314.961,315.08,315.254,315.371,0.40999999999996817,0.17400000000003502
debian,ubuntu,system_memory_used_mean_mb,10,834.8552999999999,836.265,30.911725122221917,5.559831393326772,0.6659634781412745,826.735,830.1577500000001,838.90375,841.473,14.737999999999943,8.745999999999867
debian,ubuntu,system_memory_used_peak_mb,10,864.5348,863.877,52.559071733333006,7.249763563960759,0.8385739433462664,854.359,858.3422499999999,869.529,874.395,20.035999999999945,11.186750000000075
debian,ubuntu,threads_mean,10,17.169999999999995,17.2,0.004555555555555497,0.06749485577105485,0.3930975874843033,17.0,17.2,17.2,17.2,0.1999999999999993,0.0
debian,ubuntu,threads_peak,10,19.0,19.0,0.0,0.0,0.0,19.0,19.0,19.0,19.0,0.0,0.0
debian,ubuntu,elapsed_s,10,10.009799999999998,10.009,4.177777777779699e-06,0.002043961295567922,0.020419601745968175,10.008,10.008,10.01175,10.013,0.005000000000000782,0.003750000000000142
debian,ubuntu,samples,10,10.0,10.0,0.0,0.0,0.0,10.0,10.0,10.0,10.0,0.0,0.0
